group_name,message,comment,ex_message,name
Workplace Admins Community,1032,–°–æ–æ–±—â–µ–Ω–∏—è —Ç–µ—Ö–ø–æ–¥–¥–µ—Ä–∂–∫–∏,"There are two issues that have cropped up this week which I'd really like Workplace to consider please:

Firstly, the ability for users and Admins to be able to delete comments in Chat in the same way that posts can be deleted.

Secondly, to have the option for anyone to post in a Group but for Admins only to comment.  We have an Ask HR Group where questions can be posted but we'd like only our Admins who are in our HR team, to respond. There are many responses being posted by well-meaning colleagues but they're not always correct.

Thank you.",Workplace Admins Community
4. –î–ê–ô–î–ñ–ï–°–¢–´,95,–û–ø–∏—Å–∞–Ω–∏–µ —Å–æ–¥–µ—Ä–∂–∞–Ω–∏—è –ø—Ä–∏–∫–ª–µ–ø–ª—è–µ–º—ã—Ö –¥–∞–π–¥–∂–µ—Å—Ç–æ–≤,"–î–æ–±—Ä—ã–π –≤–µ—á–µ—Ä!

–ò–Ω—Ç–µ—Ä–µ—Å–Ω–æ, —á—Ç–æ —É–∂–µ –≤ –¢–µ—Ö–∞—Å–µ –ø—Ä–∏–Ω—è–ª–∏ –∑–∞–∫–æ–Ω–æ–ø—Ä–æ–µ–∫—Ç –æ –∑–∞–ø—Ä–µ—â–µ–Ω–∏–∏ –∏—Å–ø–æ–ª—å–∑–æ–≤–∞–Ω–∏–µ ""–º—è—Å–æ"", ""–≥–æ–≤—è–¥–∏–Ω–∞"" –∏ —Ç.–¥. –Ω–∞ —Ä–∞—Å—Ç–∏—Ç–µ–ª—å–Ω—ã—Ö –ø—Ä–æ–¥—É–∫—Ç–∞—Ö –∏ –ø—Ä–æ–¥—É–∫—Ç–∞—Ö –∫–ª–µ—Ç–æ—á–Ω–æ–≥–æ –ø—Ä–æ–∏—Å—Ö–æ–∂–¥–µ–Ω–∏—è, –∞ Impossible Food —Å–µ—Ä—Ç–∏—Ñ–∏—Ü–∏—Ä–æ–≤–∞–ª–∏ —Å–≤–æ–µ —Ä–∞—Å—Ç–∏—Ç–µ–ª—å–Ω–æ–µ –º—è—Å–æ –∫–∞–∫ ""–î–µ—Ç—Å–∫–∏–π –ø—Ä–æ–¥—É–∫—Ç"" –∏ —Ç–µ–ø–µ—Ä—å –≤–∫–ª—é—á–∞—é—Ç –≤ —Ä–∞—Ü–∏–æ–Ω –¥–µ—Ç–µ–π –≤ —à–∫–æ–ª—å–Ω—ã—Ö —Å—Ç–æ–ª–æ–≤—ã—Ö - —ç—Ç–æ –º–∞–ª–µ–Ω—å–∫–∏–π —Å–ø–æ–π–ª–µ—Ä)) 

–¢–∞–∫–∂–µ –º–Ω–æ–≥–æ –≤—Å–µ–≥–æ –∏–Ω—Ç–µ—Ä–µ—Å–Ω–æ–≥–æ —á–∏—Ç–∞–π—Ç–µ –≤ –¥–∞–π–¥–∂–µ—Å—Ç–µ –≤–æ –≤–ª–æ–∂–µ–Ω–∏–∏)",4. –î–ê–ô–î–ñ–ï–°–¢–´
–ö–æ–Ω—Ü–µ–ø—Ü–∏–∏ –∏ —Ü–µ–ª–∏ –∏–Ω–Ω–æ–≤–∞—Ü–∏–æ–Ω–Ω–æ–π –¥–µ—è—Ç–µ–ª—å–Ω–æ—Å—Ç–∏,93,–ö—Ä–∞—Ç–∫–∏–µ —Å–æ–æ–±—â–µ–Ω–∏—è –æ –Ω–æ–≤–æ—Å—Ç—è—Ö –∏ –∏–¥–µ—è—Ö,"–î–æ–±—Ä—ã–π –≤–µ—á–µ—Ä, –≤ –ø—Ä–µ–¥–¥–≤–µ—Ä–∏–∏ —Å–µ—Ä—Ç–∏—Ñ–∏–∫–∞—Ü–∏–∏ –§–æ—Å—Ñ–æ–ª–∏–ø–∞–∑—ã –ê2 –ø–æ ¬´–•–∞–ª—è–ª—å¬ª, —Ä–∞—Å—Å–∫–∞–∂—É, —á—Ç–æ –∂–µ —ç—Ç–æ –∑–Ω–∞—á–∏—Ç.

–°–µ—Ä—Ç–∏—Ñ–∏–∫–∞—Ü–∏—è ¬´–•–∞–ª—è–ª—å¬ª (Halal) - —Ç–∞–∫ –Ω–∞–∑—ã–≤–∞–µ—Ç—Å—è –ø—Ä–æ—Ü–µ–¥—É—Ä–∞ –æ—Å–≤–∏–¥–µ—Ç–µ–ª—å—Å—Ç–≤–æ–≤–∞–Ω–∏—è —Å–æ–æ—Ç–≤–µ—Ç—Å—Ç–≤–∏—è –∑–∞–¥–∞–Ω–Ω—ã–º —Ç—Ä–µ–±–æ–≤–∞–Ω–∏—è–º, –æ–≥–æ–≤–æ—Ä–µ–Ω–Ω—ã–º –≤ —Å—Ç–∞–Ω–¥–∞—Ä—Ç–µ –∏—Å–ª–∞–º—Å–∫–æ–π —Ä–µ–ª–∏–≥–∏–æ–∑–Ω–æ–π –æ—Ä–≥–∞–Ω–∏–∑–∞—Ü–∏–∏ –°–æ–≤–µ—Ç –º—É—Ñ—Ç–∏–µ–≤ –†–æ—Å—Å–∏–∏ ¬´–•–∞–ª—è–ª—å ‚Äì –ü–ü–¢ ‚Äì –°–ú–†¬ª, –ø—Ä–æ–¥—É–∫—Ü–∏–∏ –≤ –≤–∏–¥–µ —Å—ã—Ä—å—è, —Å–ø–µ—Ü–∏–π, –¥–æ–±–∞–≤–æ–∫, –∞ —Ç–∞–∫–∂–µ —Å—Ä–µ–¥—Å—Ç–≤, –∏—Å–ø–æ–ª—å–∑—É–µ–º—ã—Ö –¥–ª—è –ø—Ä–æ–∏–∑–≤–æ–¥—Å—Ç–≤–∞ –∏ –ø–æ–º–µ—â–µ–Ω–∏–π, –∏ –ø–æ–¥—Ç–≤–µ—Ä–∂–¥–µ–Ω–∏—è –¥–æ–∫—É–º–µ–Ω—Ç–∞–ª—å–Ω—ã–º –ø—É—Ç–µ–º —Å —É—á–∞—Å—Ç–∏–µ–º —Ç—Ä–µ—Ç—å–µ–π —Å—Ç–æ—Ä–æ–Ω—ã ‚Äì –ú–µ–∂–¥—É–Ω–∞—Ä–æ–¥–Ω–æ–≥–æ —Ü–µ–Ω—Ç—Ä–∞ —Å—Ç–∞–Ω–¥–∞—Ä—Ç–∏–∑–∞—Ü–∏–∏ –∏ —Å–µ—Ä—Ç–∏—Ñ–∏–∫–∞—Ü–∏–∏ –•–∞–ª—è–ª—å.

–° –∞—Ä–∞–±—Å–∫–æ–≥–æ —è–∑—ã–∫–∞ —Å–ª–æ–≤–æ ¬´—Ö–∞–ª—è–ª—å¬ª –∏–ª–∏ ¬´—Ö–∞–ª–∞–ª¬ª –ø–µ—Ä–µ–≤–æ–¥–∏—Ç—Å—è –∫–∞–∫ ¬´—Ä–∞–∑—Ä–µ—à–µ–Ω–æ¬ª. –í –∏—Å–ª–∞–º—Å–∫–æ–π —Ç–µ—Ä–º–∏–Ω–æ–ª–æ–≥–∏–∏ –æ–Ω–æ –∏–º–µ–µ—Ç –±–æ–ª–µ–µ —à–∏—Ä–æ–∫–æ–µ –∑–Ω–∞—á–µ–Ω–∏–µ: —ç—Ç–æ —á–∏—Å—Ç–æ—Ç–∞, –Ω–æ –Ω–µ —Ç–æ–ª—å–∫–æ –≤ –ø–∏—Ç–∞–Ω–∏–∏, –Ω–æ –∏ –≤ –æ–¥–µ–∂–¥–µ, –ø–æ–≤–µ–¥–µ–Ω–∏–∏, —Å–ø–æ—Å–æ–±–µ –∑–∞—Ä–∞–±–∞—Ç—ã–≤–∞–Ω–∏—è –¥–µ–Ω–µ–≥.

–° –ø–æ–º–æ—â—å—é –¥–∞–Ω–Ω–æ–π —Å–µ—Ä—Ç–∏—Ñ–∏–∫–∞—Ü–∏–∏ –≤ —É—Å–ª–æ–≤–∏—è—Ö —Ä—ã–Ω–æ—á–Ω–æ–π —ç–∫–æ–Ω–æ–º–∏–∫–∏ –ø—Ä–æ–∏–∑–≤–æ–¥–∏—Ç–µ–ª—å –∏–º–µ–µ—Ç –≤–æ–∑–º–æ–∂–Ω–æ—Å—Ç—å –≥–∞—Ä–∞–Ω—Ç–∏—Ä–æ–≤–∞—Ç—å —Å–æ–æ—Ç–≤–µ—Ç—Å—Ç–≤–∏–µ —Å–≤–æ–∏—Ö —Ç–æ–≤–∞—Ä–æ–≤ —Ç—Ä–µ–±–æ–≤–∞–Ω–∏—è–º.

–ü–æ–ª—É—á–∞—è —Ç–∞–∫–æ–π —Å–µ—Ä—Ç–∏—Ñ–∏–∫–∞—Ç, –∏–∑–≥–æ—Ç–æ–≤–∏—Ç–µ–ª—å –∏–ª–∏ –ø—Ä–æ–∏–∑–≤–æ–¥–∏—Ç–µ–ª—å –ø–æ–ª—É—á–∞–µ—Ç —Å–≤–∏–¥–µ—Ç–µ–ª—å—Å—Ç–≤–æ, —á—Ç–æ –ø—Ä–æ–¥—É–∫—Ü–∏—è, –∫–æ—Ç–æ—Ä–∞—è –æ—Ç–º–µ—á–µ–Ω–∞ –∑–Ω–∞–∫–æ–º –•–∞–ª—è–ª—å, –≤ —Å–≤–æ–µ–º —Å–æ—Å—Ç–∞–≤–µ –Ω–µ –∏–º–µ–µ—Ç –∫–æ–º–ø–æ–Ω–µ–Ω—Ç–æ–≤, –∑–∞–ø—Ä–µ—â–µ–Ω–Ω—ã—Ö –¥–ª—è –º—É—Å—É–ª—å–º–∞–Ω –∏—Å–ª–∞–º—Å–∫–æ–π —Ä–µ–ª–∏–≥–∏–µ–π, —Å–æ–æ—Ç–≤–µ—Ç—Å—Ç–≤—É—è –≤—Å–µ–º –∫–∞–Ω–æ–Ω–∞–º –ò—Å–ª–∞–º–∞. –°–µ—Ä—Ç–∏—Ñ–∏–∫–∞—Ç –ú–µ–∂–¥—É–Ω–∞—Ä–æ–¥–Ω–æ–≥–æ –¶–µ–Ω—Ç—Ä–∞ —Å—Ç–∞–Ω–¥–∞—Ä—Ç–∏–∑–∞—Ü–∏–∏ –∏ —Å–µ—Ä—Ç–∏—Ñ–∏–∫–∞—Ü–∏–∏ –•–∞–ª—è–ª—å –°–æ–≤–µ—Ç–∞ –ú—É—Ñ—Ç–∏–µ–≤ –†–æ—Å—Å–∏–∏ ‚Äì —ç—Ç–æ –≥–∞—Ä–∞–Ω—Ç —Å–æ–æ—Ç–≤–µ—Ç—Å—Ç–≤–∏—è —Å—Ç–∞–Ω–¥–∞—Ä—Ç—É –Ω–∞ —Ç–µ—Ä—Ä–∏—Ç–æ—Ä–∏–∏ –†–æ—Å—Å–∏–∏ –∏ –ø—Ä–∏–∑–Ω–∞–Ω–Ω—ã–π –∑–Ω–∞–∫ —Å–æ–æ—Ç–≤–µ—Ç—Å—Ç–≤–∏—è —ç—Ç–æ–º—É —Å—Ç–∞–Ω–¥–∞—Ä—Ç—É –∑–∞ —Ä—É–±–µ–∂–æ–º, –ø–æ—Å–∫–æ–ª—å–∫—É —Ü–µ–Ω—Ç—Ä —Å—Ç–∞–Ω–¥–∞—Ä—Ç–∏–∑–∞—Ü–∏–∏ ‚Äì —á–ª–µ–Ω –í—Å–µ–º–∏—Ä–Ω–æ–≥–æ –°–æ–≤–µ—Ç–∞ –•–∞–ª—è–ª—å –∏ –∏–º–µ–µ—Ç –∞–∫–∫—Ä–µ–¥–∏—Ç–∞—Ü–∏—é –ú–∏–Ω–∏—Å—Ç–µ—Ä—Å—Ç–≤–∞ –æ–∫—Ä—É–∂–∞—é—â–µ–π —Å—Ä–µ–¥—ã –∏ –≤–æ–¥–Ω—ã—Ö —Ä–µ—Å—É—Ä—Å–æ–≤ –û–±—ä–µ–¥–∏–Ω–µ–Ω–Ω—ã—Ö –ê—Ä–∞–±—Å–∫–∏—Ö –≠–º–∏—Ä–∞—Ç–æ–≤.

–ü—Ä–æ–¥—É–∫—Ü–∏—è, –∏–º–µ—é—â–∞—è —Å–µ—Ä—Ç–∏—Ñ–∏–∫–∞—Ç, –ø–æ–ª—å–∑—É–µ—Ç—Å—è –¥–æ–≤–µ—Ä–∏–µ–º –ø–æ—Ç—Ä–µ–±–∏—Ç–µ–ª–µ–π. –°–µ—Ä—Ç–∏—Ñ–∏—Ü–∏—Ä–æ–≤–∞–Ω–Ω—ã–µ —Ü–µ–Ω—Ç—Ä–æ–º –ø—Ä–æ–∏–∑–≤–æ–¥–∏—Ç–µ–ª–∏ –ø—Ä–µ–¥—Å—Ç–∞–≤–ª–µ–Ω—ã –≤ —Ä–µ–µ—Å—Ç—Ä–µ, –∫–æ—Ç–æ—Ä—ã–π —Ä–∞–∑–º–µ—â–µ–Ω –Ω–∞ –æ—Ñ–∏—Ü–∏–∞–ª—å–Ω–æ–º —Å–∞–π—Ç–µ —Ü–µ–Ω—Ç—Ä–∞.",–ö–æ–Ω—Ü–µ–ø—Ü–∏–∏ –∏ —Ü–µ–ª–∏ –∏–Ω–Ω–æ–≤–∞—Ü–∏–æ–Ω–Ω–æ–π –¥–µ—è—Ç–µ–ª—å–Ω–æ—Å—Ç–∏
–í –∫—Ä—É–≥—É –ò–Ω–Ω–æ–≤–∞—Ü–∏–æ–Ω–Ω–æ–≥–æ —Ü–µ–Ω—Ç—Ä–∞,36,–ó–Ω–∞–∫–æ–º—Å—Ç–≤–æ —Å –Ω–æ–≤—ã–º–∏ —Å–æ—Ç—Ä—É–¥–Ω–∏–∫–∞–º–∏. –ö—Ä–∞—Ç–∫–æ–µ –æ–ø–∏—Å–∞–Ω–∏–µ –ë–ò–û,"–î–æ–±—Ä—ã–π –¥–µ–Ω—å, –º—ã –Ω–∞—á–∏–Ω–∞–µ–º –Ω–æ–≤—É—é —Ä—É–±—Ä–∏–∫—É –ø—É–±–ª–∏–∫–∞—Ü–∏–π –≤ —Å–æ—Ü–∏–∞–ª—å–Ω–æ–π —Å–µ—Ç–∏ - #–ö–∞—Ä—å–µ—Ä–Ω—ã–π–ø—Ä–æ—Ä—ã–≤. –°–µ–≥–æ–¥–Ω—è —è —Ä–∞—Å—Å–∫–∞–∂—É –≤–∞–º –ø—Ä–æ –°–º–∏—Ä–Ω–æ–≤—É –ò—Ä—É  –∏ –µ—ë –∏—Å—Ç–æ—Ä–∏—é —É—Å–ø–µ—Ö–∞ –≤ –ò–Ω–Ω–æ–≤–∞—Ü–∏–æ–Ω–Ω–æ–º —Ü–µ–Ω—Ç—Ä–µ.

–ò—Ä–∞ –Ω–µ —Å—Ä–∞–∑—É –ø–æ–ø–∞–ª–∞ –∫ –Ω–∞–º –≤ –ò–Ω–Ω–æ–≤–∞—Ü–∏–æ–Ω–Ω—ã–π —Ü–µ–Ω—Ç—Ä, —Å–Ω–∞—á–∞–ª–∞ –æ–Ω–∞ –ø–æ—Ä–∞–±–æ—Ç–∞–ª–∞ –Ω–µ—Å–∫–æ–ª—å–∫–æ –º–µ—Å—è—Ü–µ–≤ –Ω–∞ 4 —Ä–∞–∑–Ω—ã—Ö –º–µ—Å—Ç–∞—Ö, –∏ —Ç–æ–ª—å–∫–æ –æ–¥–∏–Ω —Ä–∞–∑ –æ—Ñ–∏—Ü–∏–∞–ª—å–Ω–æ üòÖ. –ù–∞ –∫–∞–∂–¥–æ–º –º–µ—Å—Ç–µ –æ–Ω–∞ –ø–æ–Ω–∏–º–∞–ª–∞, —á—Ç–æ –Ω–∏ –æ –∫–∞–∫–æ–º —Ä–∞–∑–≤–∏—Ç–∏–∏ —Ä–µ—á–∏ –∏ –±—ã—Ç—å –Ω–µ –º–æ–∂–µ—Ç, –ø–æ—ç—Ç–æ–º—É –ø—Ä–æ–¥–æ–ª–∂–∞–ª–∞ –∏—Å–∫–∞—Ç—å üîé ¬´—Å–≤–æ—ë –º–µ—Å—Ç–æ¬ª. –í –∫–æ–Ω—Ü–µ –∫–æ–Ω—Ü–æ–≤ –≤ 2019 –≥–æ–¥—É –æ–Ω–∞ –ø–æ–¥–∞–ª–∞ –∞–Ω–∫–µ—Ç—É –≤ –£—á–µ–±–Ω—ã–π —Ü–µ–Ω—Ç—Ä, –∏ –±—É–∫–≤–∞–ª—å–Ω–æ —á–µ—Ä–µ–∑ –Ω–µ–¥–µ–ª—é –µ—ë –ø—Ä–∏–≥–ª–∞—Å–∏–ª–∏ –Ω–∞ —Å—Ç–∞–∂–∏—Ä–æ–≤–∫—É –õ–∞–±–æ—Ä–∞–Ω—Ç–æ–º 3 —Ä–∞–∑—Ä—è–¥–∞ üë©‚Äçüî¨ –≤ –ò–Ω–Ω–æ–≤–∞—Ü–∏–æ–Ω–Ω—ã–π —Ü–µ–Ω—Ç—Ä. –ü–æ—Å–ª–µ –æ–Ω–∞ –ø—Ä–æ—à–ª–∞ —Å—Ç–∞–∂–∏—Ä–æ–≤–∫—É –∏ —á–µ—Ä–µ–∑ –Ω–µ—Å–∫–æ–ª—å–∫–æ –¥–Ω–µ–π –µ–π –ø–æ–∑–≤–æ–Ω–∏–ª–∏ –∏ –ø—Ä–∏–≥–ª–∞—Å–∏–ª–∏ –Ω–∞ —Ä–∞–±–æ—Ç—É.

–¢–∞–∫ –∫–∞–∫ –æ–Ω–∞ —É—á–∏–ª–∞—Å—å (–¥–∞ –∏ —É—á–∏—Ç—Å—è –¥–æ —Å–∏—Ö –ø–æ—Ä) –Ω–∞ –∑–∞–æ—á–Ω–æ–π —Ñ–æ—Ä–º–µ –Ω–∞ –¢–µ—Ö–Ω–æ–ª–æ–≥–∞ —Ä–∞—Å—Ç–∏—Ç–µ–ª—å–Ω–æ–≥–æ —Å—ã—Ä—å—è, —Ç–æ –∫–∞–∫–∏—Ö-—Ç–æ –ø—Ä–∞–∫—Ç–∏—á–µ—Å–∫–∏—Ö –Ω–∞–≤—ã–∫–æ–≤ –õ–∞–±–æ—Ä–∞–Ω—Ç–∞ —É –Ω–µ—ë –µ—â—ë –Ω–µ –±—ã–ª–æ, –∏–∑-–∑–∞ —á–µ–≥–æ –æ–Ω–∞ —Å–∏–ª—å–Ω–æ –ø–µ—Ä–µ–∂–∏–≤–∞–ª–∞. –ü–æ—ç—Ç–æ–º—É –µ–π –ø—Ä–∏—à–ª–æ—Å—å –≤ —É—Å–∫–æ—Ä–µ–Ω–Ω–æ–º —Ç–µ–º–ø–µ –Ω–µ —Ç–æ–ª—å–∫–æ —É—á–∏—Ç—å –Ω–æ—Ä–º–∞—Ç–∏–≤–Ω—É—é –¥–æ–∫—É–º–µ–Ω—Ç–∞—Ü–∏—éüìÑ –ø–æ –ø–ª–∞–Ω—É —Ñ–æ—Ä–º–∞–ª—å–Ω–æ–π –∞—Å—Å–∏–º–∏–ª—è—Ü–∏–∏, –Ω–æ –∏ –æ–±—É—á–∞—Ç—å—Å—è —Ä–∞–∑–ª–∏—á–Ω—ã–º –º–µ—Ç–æ–¥–∞–º –ø—Ä–æ–≤–µ–¥–µ–Ω–∏—è –∞–Ω–∞–ª–∏–∑–æ–≤ üß™. –î–æ–ª–≥–æ–µ –≤—Ä–µ–º—è –æ–Ω–∞ —Ä–∞–±–æ—Ç–∞–ª–∞ –ª–∞–±–æ—Ä–∞–Ω—Ç–æ–º, –Ω–æ —ç—Ç–æ –±—ã–ª–æ –¥–æ —Ç–µ—Ö –ø–æ—Ä, –ø–æ–∫–∞ –Ω–µ –Ω–∞—Å—Ç—É–ø–∏–ª–æ 23 —Ñ–µ–≤—Ä–∞–ª—è 2021 –≥–æ–¥–∞.

–í —ç—Ç–æ –≤—Ä–µ–º—è –≤ –ò–Ω–Ω–æ–≤–∞—Ü–∏–æ–Ω–Ω–æ–º —Ü–µ–Ω—Ç—Ä–µ –±—ã–ª –∑–∞–ø—É—â–µ–Ω –ø—Ä–æ–µ–∫—Ç ¬´–†–∞—Å—Ç–∏—Ç–µ–ª—å–Ω—ã–µ –±–µ–ª–∫–∏¬ª üåª, –∏ –≤ –Ω–µ–≥–æ —Å—Ä–æ—á–Ω–æ —Ç—Ä–µ–±–æ–≤–∞–ª–∏—Å—å –ª—é–¥–∏ –ø–æ–¥ —Ä—É–∫–æ–≤–æ–¥—Å—Ç–≤–æ –ú–∞—Ä—å–∏ –ò–ª—å–∏–Ω–∏—á–Ω—ã. –ü–æ—ç—Ç–æ–º—É –æ—Ç –∫–∞–∂–¥–æ–π –ª–∞–±–æ—Ä–∞—Ç–æ—Ä–∏–∏ —Ç—Ä–µ–±–æ–≤–∞–ª–∏—Å—å –ª–∞–±–æ—Ä–∞–Ω—Ç—ã, –∫–æ—Ç–æ—Ä—ã–µ —Å–º–æ–≥—É—Ç –ø–æ–º–æ—á—å –≤ —Ä–∞–∑–≤–∏—Ç–∏–∏ –ø—Ä–æ–µ–∫—Ç–∞. –ò—Ä–∞ —Ä–∞—Å—Å–∫–∞–∑—ã–≤–∞–µ—Ç –æ —Ç–æ–º –º–æ–º–µ–Ω—Ç–µ —Å–ª–µ–¥—É—é—â–∏–º–∏ —Å–ª–æ–≤–∞–º–∏: ¬´–ö –Ω–∞–º –ø—Ä–∏—à–ª–∞ –í–∞–ª—è –∏ —Å–ø—Ä–æ—Å–∏–ª–∞: ¬´–î–µ–≤–æ—á–∫–∏, –Ω—É–∂–Ω–∞ –ø–æ–º–æ—â—å¬ª. –í—Å–µ –∫–∞–∫-—Ç–æ –ø—Ä–æ–º–æ–ª—á–∞–ª–∏ –∏‚Ä¶ —è —Å–∫–∞–∑–∞–ª–∞: ¬´–î–∞–≤–∞–π—Ç–µ —è, –º–Ω–µ –∏–Ω—Ç–µ—Ä–µ—Å–Ω–æ¬ª. –° —ç—Ç–æ–≥–æ –º–æ–º–µ–Ω—Ç–∞ –≤—Å—ë –∏ –Ω–∞—á–∞–ª–æ—Å—å.

–í –ø–µ—Ä–≤—ã–π –∂–µ –¥–µ–Ω—å —É—á–∞—Å—Ç–∏—è –≤ –ø—Ä–æ–µ–∫—Ç–µ –µ—ë –æ—Ö–≤–∞—Ç–∏–ª –µ—â—ë –±–æ–ª—å—à–∏–π –∏–Ω—Ç–µ—Ä–µ—Å üî•, –∏–∑-–∑–∞ —á–µ–≥–æ —Å–ª–µ–¥—É—é—â–∏–µ –¥–Ω–∏ –æ–Ω–∞ –∂–¥–∞–ª–∞, –∫–æ–≥–¥–∞ –µ—ë —Å–Ω–æ–≤–∞ –ø–æ–∑–æ–≤—É—Ç. –ü–æ—ç—Ç–æ–º—É –∫–æ–≥–¥–∞ –ú–∞—Ä—å—è –ò–ª—å–∏–Ω–∏—á–Ω–∞ –ø—Ä–µ–¥–ª–æ–∂–∏–ª–∞ –µ–π –æ—Å—Ç–∞—Ç—å—Å—è —Ä–∞–±–æ—Ç–∞—Ç—å –≤–º–µ—Å—Ç–µ —Å –Ω–µ–π, –æ–Ω–∞ —Å —Ä–∞–¥–æ—Å—Ç—å—é —Å–æ–≥–ª–∞—Å–∏–ª–∞—Å—åüòÑ.

–ú–Ω–æ–≥–∏–µ –Ω–µ –ø–æ–Ω–∏–º–∞–ª–∏, –∫–∞–∫ –æ–Ω–∞ —Ç–∞–º —Ä–∞–±–æ—Ç–∞–ª–∞, –≤–µ–¥—å –¥—Ä—É–≥–∏–µ –Ω–µ —Å–æ–≥–ª–∞—à–∞–ª–∏—Å—å —Ä–∞–±–æ—Ç–∞—Ç—å ‚õîÔ∏è —Å –ú–∞—Ä—å–µ–π –ò–ª—å–∏–Ω–∏—á–Ω–æ–π –Ω–∏ –ø—Ä–∏ –∫–∞–∫–∏—Ö —É—Å–ª–æ–≤–∏—è—Ö. –ê –µ–π –±—ã–ª–æ –ø—Ä–æ—Å—Ç–æ –∏–Ω—Ç–µ—Ä–µ—Å–Ω–æ, –æ–Ω–∞ –ø–æ–ª—É—á–∞–ª–∞ –Ω–∞—Å—Ç–æ—è—â–µ–µ —É–¥–æ–≤–æ–ª—å—Å—Ç–≤–∏–µ –æ—Ç —Ä–∞–±–æ—Ç—ã. –û–Ω–∞ –ø—ã—Ç–∞–ª–∞—Å—å ü§î –ø–æ–Ω—è—Ç—å –≥–¥–µ –∏ —á—Ç–æ –Ω–µ —Ç–∞–∫ –≤ —Ç–µ—Ö–Ω–æ–ª–æ–≥–∏–∏, –ø–æ—á–µ–º—É –Ω–µ –ø–æ–ª—É—á–∞–µ—Ç—Å—è —Ü–µ–ª–µ–≤–æ–π –ø—Ä–æ–¥—É–∫—Ç.

–í –∏—Ç–æ–≥–µ 9 –º–∞—Ä—Ç–∞ –æ–Ω–∞ –ø–æ–ª—É—á–∏–ª–∞ –ø–æ–≤—ã—à–µ–Ω–∏–µ üìà –¥–æ –ò–Ω–∂–µ–Ω–µ—Ä–∞-—Ö–∏–º–∏–∫–∞ –≤ –õ–∞–±–æ—Ä–∞—Ç–æ—Ä–∏–∏ —Ä–∞—Å—Ç–∏—Ç–µ–ª—å–Ω—ã—Ö –±–µ–ª–∫–æ–≤. –ó–∞ —Ç–∞–∫–æ–π –º–∞–ª—ã–π —Å—Ä–æ–∫ ‚è≥ –æ–Ω–∞ —Å–º–æ–≥–ª–∞ –∑–Ω–∞—á–∏—Ç–µ–ª—å–Ω–æ –ø—Ä–æ–¥–≤–∏–Ω—É—Ç—å—Å—è –ø–æ –∫–∞—Ä—å–µ—Ä–Ω–æ–π –ª–µ—Å—Ç–Ω–∏—Ü–µ.

–ú–æ–∂–Ω–æ –Ω–∞–∑–≤–∞—Ç—å —ç—Ç–æ —É–¥–∞—á–µ–π , –Ω–æ —Å—É—Ç—å —ç—Ç–æ–π –∏—Å—Ç–æ—Ä–∏–∏ –≤ –¥—Ä—É–≥–æ–º. –ò—Ä–∞ —Å–º–æ–≥–ª–∞ —Å—Ç–∞—Ç—å –±–æ–ª—å—à–µ —á–µ–º –ª–∞–±–æ—Ä–∞–Ω—Ç–æ–º –Ω–µ –∏–∑-–∑–∞ —Å—á–∞—Å—Ç–ª–∏–≤–æ–≥–æ —Å–æ–≤–ø–∞–¥–µ–Ω–∏—è, –∞ –∏–∑-–∑–∞ —Ç–æ–≥–æ, —á—Ç–æ ‚ùóÔ∏è –æ–Ω–∞ –Ω–µ –ø–æ–±–æ—è–ª–∞—Å—å ‚ùóÔ∏è–ø—Ä–∏–Ω—è—Ç—å —É—á–∞—Å—Ç–∏–µ –≤ –Ω–æ–≤–æ–º ¬´–Ω–µ–∏–∑–≤–µ–¥–∞–Ω–Ω–æ–º¬ª –ø—Ä–æ–µ–∫—Ç–µ. –ê –µ—ë –∂–µ–ª–∞–Ω–∏–µ —Ä–∞–∑–æ–±—Ä–∞—Ç—å—Å—è –≤ —Ç–µ—Ö–Ω–æ–ª–æ–≥–∏–∏, –Ω–∞–π—Ç–∏ –ø—Ä–∏—á–∏–Ω—É, –∏–∑-–∑–∞ –∫–æ—Ç–æ—Ä–æ–π –Ω–µ –ø–æ–ª—É—á–∞–µ—Ç—Å—è –ø—Ä–æ–¥—É–∫—Ç, –¥–∞—ë—Ç –µ–π —Å–∏–ª—ã ‚ö°Ô∏è –¥–≤–∏–≥–∞—Ç—å—Å—è –¥–∞–ª—å—à–µ.",–í –∫—Ä—É–≥—É –ò–Ω–Ω–æ–≤–∞—Ü–∏–æ–Ω–Ω–æ–≥–æ —Ü–µ–Ω—Ç—Ä–∞
–î–∞–π–¥–∂–µ—Å—Ç—ã,32,–û–ø–∏—Å–∞–Ω–∏–µ —Å–æ–¥–µ—Ä–∂–∞–Ω–∏—è –ø—Ä–∏–∫–ª–µ–ø–ª—è–µ–º—ã—Ö –¥–∞–π–¥–∂–µ—Å—Ç–æ–≤,"–ï–∂–µ–Ω–µ–¥–µ–ª—å–Ω—ã–π –¥–∞–π–¥–∂–µ—Å—Ç ""–ê—Ä–æ–º–∞—Ç–∏–∑–∞—Ç–æ—Ä—ã"", —Å–æ–¥–µ—Ä–∂–∏—Ç —Å–ª–µ–¥—É—é—â–∏–µ –Ω–æ–≤–æ—Å—Ç–∏:
1. Givaudan –ø—Ä–µ–¥—Å—Ç–∞–≤–ª—è–µ—Ç —Ç–µ—Ö–Ω–æ–ª–æ–≥–∏—é –∞—Ä–æ–º–∞—Ç–∏–∑–∞—Ü–∏–∏ —Ç–µ–∫—Å—Ç—É—Ä–∏—Ä–æ–≤–∞–Ω–Ω–æ–≥–æ —Ä–∞—Å—Ç–∏—Ç–µ–ª—å–Ω–æ–≥–æ –±–µ–ª–∫–∞ üå±
2. Yasso –¥–æ–±–∞–≤–ª—è–µ—Ç –∞—Ä–æ–º–∞—Ç —Ç–æ—Ä—Ç–∞ –∫–æ –¥–Ω—é —Ä–æ–∂–¥–µ–Ω–∏—è –≤ –∞—Å—Å–æ—Ä—Ç–∏–º–µ–Ω—Ç –∑–∞–º–æ—Ä–æ–∂–µ–Ω–Ω—ã—Ö –π–æ–≥—É—Ä—Ç–æ–≤—ã—Ö –±–∞—Ç–æ–Ω—á–∏–∫–æ–≤ üéÇ
3.–ö–æ–º–ø–∞–Ω–∏—è Food Union –∑–∞–ø—É—Å–∫–∞–µ—Ç –¥—É—ç—Ç –≤–∫—É—Å–æ–≤—ã—Ö –≤–∞—Ä–∏–∞—Ü–∏–π –º–æ—Ä–æ–∂–µ–Ω–æ–≥–æ –≤–¥–æ—Ö–Ω–æ–≤–ª–µ–Ω–Ω—ã—Ö –≤–∫—É—Å–∞–º–∏ –∫–æ–∫—Ç–µ–π–ª–µ–π üç¶
4.Glaswegin –ø—Ä–µ–¥—Å—Ç–∞–≤–ª—è–µ—Ç –ø–µ—Ä–≤—ã–π –∞—Ä–æ–º–∞—Ç–∏–∑–∏—Ä–æ–≤–∞–Ω–Ω—ã–π –¥–∂–∏–Ω üç∏

5. Nestl√© –∏ Starbucks —Ä–∞—Å—à–∏—Ä—è—é—Ç –∞—Å—Å–æ—Ä—Ç–∏–º–µ–Ω—Ç At-Home –Ω–æ–≤—ã–º —Ñ–∏—Ä–º–µ–Ω–Ω—ã–º —à–æ–∫–æ–ª–∞–¥–æ–º Starbucks ‚òïÔ∏è

–í—Å–µ–º –∂–µ–ª–∞—é –∑–∞–Ω–∏–º–∞—Ç–µ–ª—å–Ω–æ–≥–æ —á—Ç–µ–Ω–∏—è –∏ —Ö—Ä–æ–Ω–∏—á–µ—Å–∫–∏ —Ö–æ—Ä–æ—à–µ–≥–æ –Ω–∞—Å—Ç—Ä–æ–µ–Ω–∏—è!!!",–î–∞–π–¥–∂–µ—Å—Ç—ã
7. –¢–ï–ö–£–©–ê–Ø –î–ï–Ø–¢–ï–õ–¨–ù–û–°–¢–¨ –ù–ò–£–ú–î,30,–ù–æ–≤–æ—Å—Ç–∏ –ø—Ä–æ –∞—Ç—Ç–µ—Å—Ç–∞—Ü–∏—é —Å–æ—Ç—Ä—É–¥–Ω–∏–∫–æ–≤. –ü–æ—Å—Ç—ã –∑–∞ –∂–∏–∑–Ω—å - —Ä–∞–∑–º—ã—à–ª–µ–Ω–∏—è,"–ü–æ—Å—Ç ""–ø—Ä–æ –∂–∏–∑–Ω—å"".
–≠—Ç–æ—Ç –ø–æ—Å—Ç —è –ø–µ—á–∞—Ç–∞—é –Ω–µ –≥–ª—è–¥—è –Ω–∞ –∫–ª–∞–≤–∏–∞—Ç—É—Ä—É. –ï—â–µ –ø–∞—Ä—É –º–µ—Å—è—Ü–µ–≤ –Ω–∞–∑–∞–¥ —ç—Ç–æ –∫–∞–∑–∞–ª–æ—Å—å –Ω–µ–≤–æ–∑–º–æ–∂–Ω—ã–º. –ù–æ —Å–µ–π—á–∞—Å —ç—Ç–æ —Ç–∞–∫. –ò –º–æ–∂–µ—Ç –±—ã—Ç—å –ø–æ–∫–∞ —É –º–µ–Ω—è —ç—Ç–æ –ø–æ–ª—É—á–∞–µ—Ç—Å—è –Ω–µ –∏–¥–µ–∞–ª—å–Ω–æ, –Ω–æ –≤—Å–µ –∂–µ –ø–æ–∫–∞–∑–∞—Ç–µ–ª—å –¥–æ—Å—Ç–∏–≥–Ω—É—Ç. –ò —Ç–µ–ø–µ—Ä—å –≤—Å–ª–µ–ø—É—é (–Ω—É, –Ω–µ–º–Ω–æ–≥–æ –ø–æ–¥–≥–ª—è–¥—ã–≤–∞—èüòâ) —è –ø–µ—á–∞—Ç–∞—é –±—ã—Å—Ç—Ä–µ–µ, —á–µ–º –¥–µ–ª–∞–ª —ç—Ç–æ –≥–ª—è–¥—è –Ω–∞ –∫–ª–∞–≤–∏–∞—Ç—É—Ä—É –Ω–µ—Å–∫–æ–ª—å–∫–æ –º–µ—Å—è—Ü–µ–≤ –Ω–∞–∑–∞–¥. –§–æ—Ä–º–∏—Ä–æ–≤–∞–Ω–∏—è –Ω–∞–≤—ã–∫–∞ - –¥–µ–ª–æ –Ω–µ–ø—Ä–æ—Å—Ç–æ–µ. –í –Ω–∞—á–∞–ª–µ –ø—É—Ç–∏ —è –∏—Å–ø—ã—Ç—ã–≤–∞–ª –ø—Ä—è–º–æ-—Ç–∞–∫–∏ —Ñ–∏–∑–∏—á–µ—Å–∫–∏–π –¥–∏—Å–∫–æ–º—Ñ–æ—Ä—Ç –æ—Ç —Ç–æ–≥–æ, —á—Ç–æ –ø–∞–ª—å—Ü—ã –¥–æ–ª–∂–Ω—ã –±–∏—Ç—å –ø–æ —Ç–µ–º –∫–ª–∞–≤–∏—à–∞–º, –ø–æ –∫–æ—Ç–æ—Ä—ã–º –Ω—É–∂–Ω–æ, –∞ –Ω–µ –ø–æ –∫–æ—Ç–æ—Ä—ã–º –ø—Ä–∏–≤—ã–∫–ª–∏. –ù–æ –∫–∞–∫ —è —É–±–µ–∂–¥–∞—é—Å—å –Ω–µ –≤–ø–µ—Ä–≤—ã–µ, –Ω–∞—à –º–æ–∑–≥ –ø–ª–∞—Å—Ç–∏—á–µ–Ω, –≥–æ—Ç–æ–≤ —Ñ–æ—Ä–º–∏—Ä–æ–≤–∞—Ç—å –Ω–æ–≤—ã–µ —Å–≤—è–∑–∏. –ï–º—É –Ω—É–∂–Ω–æ —Ç–æ–ª—å–∫–æ –ø–æ–º–æ—á—å)) –ì–ª–∞–≤–Ω–æ–µ –≤ —ç—Ç–æ–º –¥–µ–ª–µ –Ω–µ —É–Ω—ã–≤–∞—Ç—å)

–¢–µ–ø–µ—Ä—å –Ω–æ–≤—ã–µ –≤—ã–∑–æ–≤—ã. –ù–∞–∑–æ–≤–µ–º –∏—Ö —Ç—Ä–æ–π–Ω—ã–º —É–¥–∞—Ä–æ–º. –ö –ù–æ–≤–æ–º—É –≥–æ–¥—É —è –¥–æ–ª–∂–µ–Ω –≤–µ—Å–∏—Ç—å 86 –∫–≥, –ø–µ—á–∞—Ç–∞—Ç—å 185 —Å–∏–º–≤–æ–ª–æ–≤ –≤—Å–ª–µ–ø—É—é –∏ —Å–æ—Ü—Å–µ—Ç–∏, –∑–∞ –∫–æ—Ç–æ—Ä—ã–µ —è –æ—Ç–≤–µ—á–∞—é –±—É–¥—É—Ç –≤—ã–ø–æ–ª–Ω—è—Ç—å —Å–≤–æ—é —Ñ—É–Ω–∫—Ü–∏—é. –°—Ç–∞–≤–∫–∏ —Ç–µ –∂–µ.",7. –¢–ï–ö–£–©–ê–Ø –î–ï–Ø–¢–ï–õ–¨–ù–û–°–¢–¨ –ù–ò–£–ú–î
–ï—Å—Ç—å –Ω–æ–≤–æ—Å—Ç—å!,29,–ü–æ–∑–¥—Ä–∞–≤–ª–µ–Ω–∏—è —Å –î–†. –û–±—ä—è–≤–ª–µ–Ω–∏—è –æ—Ç –ø—Ä–æ—Ñ—Å–æ—é–∑–∞,"# **–ü–∞–ª–æ–º–Ω–∏—á–µ—Å–∫–∏–µ –ø–æ–µ–∑–¥–∫–∏ –ø–æ –°–≤—è—Ç—ã–º –º–µ—Å—Ç–∞–º!**üïå

–í—Å–µ–º –¥–æ–±—Ä–æ–≥–æ –≤—Ä–µ–º–µ–Ω–∏ —Å—É—Ç–æ–∫üëã

**–° 17 –ø–æ 19 —Å–µ–Ω—Ç—è–±—Ä—è 2021–≥**. üìÖ–ü—Ä–æ—Ñ—Å–æ—é–∑ –ì–ö ¬´–≠–§–ö–û¬ª –æ—Ä–≥–∞–Ω–∏–∑—É–µ—Ç –¥–ª—è —á–ª–µ–Ω–æ–≤ –ü—Ä–æ—Ñ—Å–æ—é–∑–∞ —Ä–∞–±–æ—Ç–Ω–∏–∫–æ–≤ –ö–æ–º–ø–∞–Ω–∏–∏ ¬´–≠–§–ö–û¬ª –ø–∞–ª–æ–º–Ω–∏—á–µ—Å–∫—É—é –ø–æ–µ–∑–¥–∫—É –ø–æ –º–∞—Ä—à—Ä—É—Ç—É **¬´–î–∏–≤–µ–µ–≤–æ –°–∞–Ω–∞–∫—Å–∞—Ä—ã¬ª.**

–°—Ç–æ–∏–º–æ—Å—Ç—å –ø–æ–µ–∑–¥–∫–∏ (—Å —É—á–µ—Ç–æ–º –Ω–µ–∏—Å–ø–æ–ª—å–∑–æ–≤–∞–Ω–Ω–æ–π –≥–æ–¥–æ–≤–æ–π –∫–æ–º–ø–µ–Ω—Å–∞—Ü–∏–∏ –ü—Ä–æ—Ñ—Å–æ—é–∑–∞) —Å–æ—Å—Ç–∞–≤–∏—Ç ***1200 —Ä—É–±–ª–µ–π.***üí∞

–í —Å—Ç–æ–∏–º–æ—Å—Ç—å –≤—Ö–æ–¥–∏—Ç: –ø—Ä–æ–µ–∑–¥ –∞–≤—Ç–æ–±—É—Å–æ–º üöå(—Ç—É–¥–∞ –∏ –æ–±—Ä–∞—Ç–Ω–æ).

–í—ã–µ–∑–¥ –∏–∑ –≥. –ê–ª–µ–∫—Å–µ–µ–≤–∫–∞ –æ—Ç –æ—Å—Ç–∞–Ω–æ–≤–∫–∏ –Ω–∞ —Ä—ã–Ω–∫–µ –≤ ‚è∞18:30 17.09.2021.

–û—Ä–∏–µ–Ω—Ç–∏—Ä–æ–≤–æ—á–Ω–æ–µ –≤—Ä–µ–º—è –≤–æ–∑–≤—Ä–∞—â–µ–Ω–∏—è –¥–æ–º–æ–π –¥–æ ‚è∞12:00 19.09.2021 –≥.

# **–∏ —ç—Ç–æ –µ—â–µ –Ω–µ –≤—Å–µ**‚òùÔ∏è**......**.

**–° 24 –ø–æ 26 —Å–µ–Ω—Ç—è–±—Ä—è 2021–≥**. üìÖ–ü—Ä–æ—Ñ—Å–æ—é–∑ –ì–ö ¬´–≠–§–ö–û¬ª –æ—Ä–≥–∞–Ω–∏–∑—É–µ—Ç –¥–ª—è —á–ª–µ–Ω–æ–≤ –ü—Ä–æ—Ñ—Å–æ—é–∑–∞ —Ä–∞–±–æ—Ç–Ω–∏–∫–æ–≤ –ö–æ–º–ø–∞–Ω–∏–∏ ¬´–≠–§–ö–û¬ª –ø–∞–ª–æ–º–Ω–∏—á–µ—Å–∫—É—é –ø–æ–µ–∑–¥–∫—É –≤ **–•—Ä–∞–º –•—Ä–∏—Å—Ç–∞ –°–ø–∞—Å–∏—Ç–µ–ª—è –∏ –ü–æ–∫—Ä–æ–≤—Å–∫–∏–π –º–æ–Ω–∞—Å—Ç—ã—Ä—å —Å–≤—è—Ç–æ–π –ú–∞—Ç—Ä–æ–Ω—ã –≤ –ú–æ—Å–∫–≤–µ.**

–°—Ç–æ–∏–º–æ—Å—Ç—å –ø–æ–µ–∑–¥–∫–∏ (—Å —É—á–µ—Ç–æ–º –Ω–µ–∏—Å–ø–æ–ª—å–∑–æ–≤–∞–Ω–Ω–æ–π –≥–æ–¥–æ–≤–æ–π –∫–æ–º–ø–µ–Ω—Å–∞—Ü–∏–∏ –ü—Ä–æ—Ñ—Å–æ—é–∑–∞) —Å–æ—Å—Ç–∞–≤–∏—Ç ***1000 —Ä—É–±–ª–µ–π.***üí∞

–í —Å—Ç–æ–∏–º–æ—Å—Ç—å –≤—Ö–æ–¥–∏—Ç: –ø—Ä–æ–µ–∑–¥ –∞–≤—Ç–æ–±—É—Å–æ–º üöå(—Ç—É–¥–∞ –∏ –æ–±—Ä–∞—Ç–Ω–æ).

–í—ã–µ–∑–¥ –∏–∑ –≥. –ê–ª–µ–∫—Å–µ–µ–≤–∫–∞ –æ—Ç –æ—Å—Ç–∞–Ω–æ–≤–∫–∏ –Ω–∞ —Ä—ã–Ω–∫–µ –≤ ‚è∞20:00 24.09.2021.

–û—Ä–∏–µ–Ω—Ç–∏—Ä–æ–≤–æ—á–Ω–æ–µ –≤—Ä–µ–º—è –≤–æ–∑–≤—Ä–∞—â–µ–Ω–∏—è –¥–æ–º–æ–π –≤ –Ω–æ—á—å —Å 25 –ø–æ 26.09.2021 –≥.

**–î–ª—è –æ—Ñ–æ—Ä–º–ª–µ–Ω–∏—è –ø–æ–µ–∑–¥–∫–∏ –Ω–µ–æ–±—Ö–æ–¥–∏–º–æ –æ–±—Ä–∞—Ç–∏—Ç—å—Å—è –≤ –ü—Ä–æ—Ñ—Å–æ—é–∑ –ì–ö ¬´–≠–§–ö–û¬ª (—É–ª.–§—Ä—É–Ω–∑–µ,1). –ü—Ä–∏ —Å–µ–±–µ –∏–º–µ—Ç—å –ø–∞—Å–ø–æ—Ä—Ç –∏ –Ω–∞–ª–∏—á–Ω—ã–µ –¥–µ–Ω—å–≥–∏.**

**–î–ª—è –ø—Ä–µ–¥–≤–∞—Ä–∏—Ç–µ–ª—å–Ω–æ–π –±—Ä–æ–Ω–∏ –ø—Ä–æ—à—É –æ–±—Ä–∞—â–∞—Ç—å—Å—è –∫–æ –º–Ω–µ!**‚òéÔ∏è",–ï—Å—Ç—å –Ω–æ–≤–æ—Å—Ç—å!
11. –Ø –∏ –ú–∏—Ä –í–æ–∫—Ä—É–≥,27,"–†–∞–∑–º—ã—à–ª–µ–Ω–∏—è, –∏–¥–µ–∏","**–í—Å–µ–º –∑–¥—Ä–∞–≤—Å—Ç–≤—É–π—Ç–µ. –í –Ω–∞—á–∞–ª–µ –Ω–µ–¥–µ–ª–∏ –∑–∞–Ω–∏–º–∞–ª–∞—Å—å —Ä–∞–∑—Ä–∞–±–æ—Ç–∫–æ–π –≤—ã–¥–µ–ª–∏—Ç–µ–ª—è –¥–ª—è –π–æ–≥—É—Ä—Ç–æ–≤ Liberty –¥–ª—è –ø—Ä–æ–≤–µ–¥–µ–Ω–∏—è —ç–∫—Å–ø–µ—Ä–∏–º–µ–Ω—Ç–∞ —Å –≤—ã–±—ã—Ç–∏–µ–º. –ò–∑ –∑–∞–¥–∞—á–∫–∏, —Å –∫–æ—Ç–æ—Ä–æ–π —è –ø–ª–∞–Ω–∏—Ä–æ–≤–∞–ª–∞ —Å–ø—Ä–∞–≤–∏—Ç—å—Å—è –∑–∞ –ø–∞—Ä—É —á–∞—Å–æ–≤, –ø–æ–ª—É—á–∏–ª–æ—Å—å —Ü–µ–ª–æ–µ –Ω–µ–¥–µ–ª—å–Ω–æ–µ –ø—Ä–∏–∫–ª—é—á–µ–Ω–∏–µ, —Å –ø–æ–ª–Ω—ã–º —Å–ø–µ–∫—Ç—Ä–æ–º —ç–º–æ—Ü–∏–π - –æ—Ç –≤–¥–æ—Ö–Ω–æ–≤–µ–Ω–∏—è –∏ —Ä–∞–¥–æ—Å—Ç–∏ –¥–æ –ø–æ–ª–Ω–µ–π—à–µ–≥–æ –æ—Ç—á–∞—è–Ω–∏—è, –∏ –æ–±—Ä–∞—Ç–Ω–æ. –í—ã–¥–µ–ª–∏—Ç–µ–ª—å –≥–æ—Ç–æ–≤ –∏ —Ç–µ–ø–µ—Ä—å –±—É–¥–µ—Ç –º–Ω–µ –Ω–∞–ø–æ–º–∏–Ω–∞—Ç—å –æ —Ç–æ–º, —á—Ç–æ —É–Ω—ã–≤–∞—Ç—å - –∑–Ω–∞—á–∏—Ç, –ª–∏—à–∞—Ç—å —Ä–µ—Å—É—Ä—Å–Ω–æ—Å—Ç–∏ —Å–µ–±—è –∏ –æ—Ç–±–∏—Ä–∞—Ç—å —ç–º–æ—Ü–∏–∏ –æ–∫—Ä—É–∂–∞—é—â–∏—Ö. –ê —ç—Ç–æ - –¥–ª—è –Ω–∞—à–µ–≥–æ —É–ø—Ä–∞–≤–ª–µ–Ω–∏—è - –∂–∏—Ä–Ω–∞—è –∫—Ä–∞—Å–Ω–∞—è –ª–∏–Ω–∏—è)**",11. –Ø –∏ –ú–∏—Ä –í–æ–∫—Ä—É–≥
–ö–æ—Ä–ø–æ—Ä–∞—Ç–∏–≤–Ω–∞—è –∫—É–ª—å—Ç—É—Ä–∞,23,"–ü—Ä–æ–≥—Ä–∞–º–º—ã —Ä–∞–∑–≤–∏—Ç–∏—è –ø–µ—Ä—Å–æ–Ω–∞–ª–∞, –∏–¥–µ–∏","–í—Å–µ–º –ø—Ä–∏–≤–µ—Ç!üëã

–Ø –≤ —Å–≤–æ–µ–π —Ä–∞–±–æ—Ç–µ —á–∞—â–µ –æ—Å—Ç–∞–ª—å–Ω—ã—Ö –≤–∏–∂—É –±–µ–∑–æ—Ç–≤–µ—Ç—Å—Ç–≤–µ–Ω–Ω–æ–µ –æ—Ç–Ω–æ—à–µ–Ω–∏–µ –∫ –º–∞—Ç–µ—Ä–∏–∞–ª—å–Ω—ã–º –∞–∫—Ç–∏–≤–∞–º –∏ –µ–≥–æ –ø–æ—Å–ª–µ–¥—Å—Ç–≤–∏—è, –∫–æ—Ç–æ—Ä—ã–µ –≤—ã—Ä–∞–∂–∞—Ç—å—Å—è –≤ —á–∞—Å—Ç–∏:

1. –ë–µ–∑–æ—Ç–≤–µ—Ç—Å—Ç–≤–µ–Ω–Ω–æ—Å—Ç–∏ –ø—Ä–∏ –∑–∞–∫—Ä–µ–ø–ª–µ–Ω–∏–∏ –º–∞—Ç–µ—Ä–∏–∞–ª—å–Ω–æ–π –æ—Ç–≤–µ—Ç—Å—Ç–≤–µ–Ω–Ω–æ—Å—Ç–∏ üìÑ;

2. –ë–µ–∑–æ—Ç–≤–µ—Ç—Å—Ç–≤–µ–Ω–Ω–æ—Å—Ç–∏ –≤ –æ–±–µ—Å–ø–µ—á–µ–Ω–∏–∏ —Å–æ—Ö—Ä–∞–Ω–Ω–æ—Å—Ç–∏ –ø–µ—Ä–µ–¥–∞–Ω–Ω–æ–≥–æ –∏–º—É—â–µ—Å—Ç–≤–∞ üêòüî®üß±üî¨;

3. –ë–µ–∑–æ—Ç–≤–µ—Ç—Å—Ç–≤–µ–Ω–Ω–æ—Å—Ç–∏ –≤ –æ–±–µ—Å–ø–µ—á–µ–Ω–∏–∏ —Ç–æ—á–Ω–æ—Å—Ç–∏ –ø–æ–∫–∞–∑–∞–Ω–∏–π —Å—Ä–µ–¥—Å—Ç–≤ –∏–∑–º–µ—Ä–µ–Ω–∏–π ‚è≥;

4. –ë–µ–∑–æ—Ç–≤–µ—Ç—Å—Ç–≤–µ–Ω–Ω–æ—Å—Ç–∏ –≤ –æ–±–µ—Å–ø–µ—á–µ–Ω–∏–∏ —Ä–∞–±–æ—Ç–æ—Å–ø–æ—Å–æ–±–Ω–æ—Å—Ç–∏ –º–∞—Ç–µ—Ä–∏–∞–ª—å–Ω—ã—Ö –∞–∫—Ç–∏–≤–æ–≤ üõ†;

5. –ë–µ–∑–æ—Ç–≤–µ—Ç—Å—Ç–≤–µ–Ω–Ω–æ—Å—Ç–∏ –≤ —Å–≤–æ–µ–≤—Ä–µ–º–µ–Ω–Ω–æ—Å—Ç–∏ –ø—Ä–µ–¥—É–ø—Ä–µ–∂–¥–µ–Ω–∏—è –≤—ã—Ö–æ–¥–∞ –∏–∑ —Å—Ç—Ä–æ—è –º–∞—Ç–µ—Ä–∏–∞–ª—å–Ω—ã—Ö –∞–∫—Ç–∏–≤–æ–≤ –∑–∞ —Å—á–µ—Ç –Ω–µ—Å–≤–æ–µ–≤—Ä–µ–º–µ–Ω–Ω–æ–≥–æ –ø—Ä–æ–≤–µ–¥–µ–Ω–∏—è –ü–ü–†.

–°–µ–≥–æ–¥–Ω—è —Ö–æ—á—É —Å –≤–∞–º–∏ –Ω–∞—á–∞—Ç—å –±–µ—Å–µ–¥—É —Å —Å–∞–º–æ–≥–æ –æ—Å–Ω–æ–≤–Ω–æ–≥–æ, –∑–∞–¥–∞—é—â–µ–≥–æ –≤–µ—Å—å –∫–æ–Ω—Ç–µ–∫—Å—Ç ‚òùÔ∏è –æ—Ç–Ω–æ—à–µ–Ω–∏—è –∫ –º–∞—Ç–µ—Ä–∏–∞–ª—å–Ω—ã–º –∞–∫—Ç–∏–≤–∞–º ‚Äì –∑–∞–∫—Ä–µ–ø–ª–µ–Ω–∏—è –º–∞—Ç–µ—Ä–∏–∞–ª—å–Ω–æ –æ—Ç–≤–µ—Ç—Å—Ç–≤–µ–Ω–Ω–æ—Å—Ç–∏ üíµüôã.

–ö–∞–∂–¥—ã–π –∏–∑ –Ω–∞—Å —Å—Ç–∞–ª–∫–∏–≤–∞–ª—Å—è —Å —Å–∏—Ç—É–∞—Ü–∏—è–º–∏, –∫–æ–≥–¥–∞ —Ç–∞–∫ –∏–ª–∏ –∏–Ω–∞—á–µ –æ—Ç—Å—É—Ç—Å—Ç–≤–∏–µ ¬´—Ö–æ–∑—è–∏–Ω–∞¬ª –∑–∞–∫—Ä–µ–ø–ª–µ–Ω–Ω–æ–≥–æ –∑–∞ –∫–∞–∫–æ–π-—Ç–æ –º–∞—Ç–µ—Ä–∏–∞–ª—å–Ω—ã–π –æ–±—ä–µ–∫—Ç, –ø—Ä–∏–≤–æ–¥–∏—Ç –∫ –µ–≥–æ –ø—Ä–∞–∫—Ç–∏—á–µ—Å–∫–∏ –ø–æ–ª–Ω–æ–º—É —É–Ω–∏—á—Ç–æ–∂–µ–Ω–∏—é ü§¨. –í—Å–µ –º—ã –ø–æ–Ω–∏–º–∞–µ–º, —á—Ç–æ –µ—Å–ª–∏ –Ω–µ –ø–æ–¥–≤–µ—Å—Ç–∏ —á–µ–ª–æ–≤–µ–∫–∞ –∫ –∫–∞–∫–æ–π-—Ç–æ –≤–µ—â–∏ –∏ –Ω–µ —Å–∫–∞–∑–∞—Ç—å, —á—Ç–æ —Å —Å–µ–≥–æ–¥–Ω—è—à–Ω–µ–≥–æ –¥–Ω—è —Ç—ã –∑–∞ –Ω–µ–µ –æ—Ç–≤–µ—á–∞–µ—à—å, –∏ –Ω–µ –≤–∑—è—Ç—å —Å –Ω–µ–≥–æ –ø–æ–¥–ø–∏—Å—å –Ω–∞ –ê–∫—Ç–µ, —Ç–æ –∑–∞–±–æ—Ç–∏—Ç—å—Å—è –æ–± —ç—Ç–æ–π –≤–µ—â–∏ –Ω–µ –±—É–¥–µ—Ç –Ω–∏–∫—Ç–æ –∏ –≤ —Å–∫–æ—Ä–æ–º –≤—Ä–µ–º–µ–Ω–∏ –æ–Ω–∞ –ø—Ä–µ–≤—Ä–∞—Ç–∏—Ç—å—Å—è –≤ –±–µ—Å–ø–æ–ª–µ–∑–Ω—É—é, –Ω–µ—Ä–∞–±–æ—Ç–æ—Å–ø–æ—Å–æ–±–Ω—É—é –≥—Ä—É–¥—É –º–µ—Ç–∞–ª–ª–∞, –ø–æ—Ä—Ç—è—â—É—é –æ–ø—Ä—è—Ç–Ω–æ—Å—Ç—å –ª–∞–±–æ—Ä–∞—Ç–æ—Ä–∏–∏ üí©. –ê –ø–æ —Å—É—Ç–∏ —ç—Ç–æ –∂–µ —Ä–µ—Å—É—Ä—Å, –æ—Ç –∫–æ—Ç–æ—Ä–æ–≥–æ –Ω–∞–ø—Ä—è–º—É—é –∑–∞–≤–∏—Å–∏—Ç —ç—Ñ—Ñ–µ–∫—Ç–∏–≤–Ω–æ—Å—Ç—å —Ä–µ–∞–ª–∏–∑–∞—Ü–∏–∏ —Ü–µ–ª–µ–π –ª–∞–±–æ—Ä–∞—Ç–æ—Ä–∏–∏ –∏ –≤—Å–µ–≥–æ –ø—Ä–æ–µ–∫—Ç–∞ –≤ —Ü–µ–ª–æ–º üìâüìâüìâ

–î–∞–∂–µ –µ—Å–ª–∏ —É –≤–∞—Å –≤–Ω—É—Ç—Ä–∏ –Ω–µ —Å–∂–∏–º–∞–µ—Ç—Å—è –≤—Å–µ ü•∫ü•∫ü•∫–æ—Ç –ø–µ—Ä—Å–ø–µ–∫—Ç–∏–≤ –Ω–µ–≤–æ–∑–º–æ–Ω–æ—Å—Ç–∏ —Ä–µ–∞–ª–∏–∑–æ–≤–∞—Ç—å ¬´–æ–±—â–µ–µ –¥–µ–ª–æ¬ª, —Ç–æ —Ç–æ–≥–¥–∞ –Ω–∞–ø–æ–º–Ω—é —ç–≥–æ–∏—Å—Ç–∏—á–Ω—É—é —Å—Ç–æ—Ä–æ–Ω—É –≤–æ–ø—Ä–æ—Å–∞ –≤–∞–∂–Ω–æ—Å—Ç–∏ –∫–æ—Ä—Ä–µ–∫—Ç–Ω–æ–≥–æ –∑–∞–∫—Ä–µ–ø–ª–µ–Ω–∏—è –º–∞—Ç–µ—Ä–∏–∞–ª—å–Ω–æ–π –æ—Ç–≤–µ—Ç—Å—Ç–≤–µ–Ω–Ω–æ—Å—Ç–∏: –∫–∞–∂–¥—ã–π –ú–û–õ (–º–∞—Ç–µ—Ä–∏–∞–ª—å–Ω–æ –æ—Ç–≤–µ—Ç—Å—Ç–≤–µ–Ω–Ω–æ–µ –ª–∏—Ü–æ) –æ—Ç–≤–µ—á–∞–µ—Ç –∑–∞ —Å–æ—Ö—Ä–∞–Ω–Ω–æ—Å—Ç—å –ø–µ—Ä–µ–¥–∞–Ω–Ω—ã—Ö –µ–º—É –º–∞—Ç–µ—Ä–∏–∞–ª—å–Ω—ã—Ö –æ–±—ä–µ–∫—Ç–æ–≤ —Ä–∞–∑–º–µ—Ä–æ–º –∏—Ö —Å—Ç–æ–∏–º–æ—Å—Ç–∏ üí∏üí∏üí∏. –¢–∞–∫ –≥–ª–∞—Å–∏—Ç –∑–∞–∫–æ–Ω –†–§!‚òùÔ∏è –¢.–µ. –µ—Å–ª–∏ —è —Å–ª–æ–º–∞—é –º–∞–≥–Ω–∏—Ç–Ω—É—é –º–µ—à–∞–ª–∫—É —Å—Ç–æ–∏–º–æ—Å—Ç—å—é 50 —Ç—ã—Å.—Ä—É–±–ª–µ–µ–π, —Ç–æ –∏–∑ –º–æ–µ–π –∑–∞—Ä–ø–ª–∞—Ç—ã –±—É–¥—É—Ç –¥–µ–ª–∞—Ç—å —É–¥–µ—Ä–∂–∞–Ω–∏—è –¥–æ —Ç–µ—Ö –ø–æ—Ä, –ø–æ–∫–∞ —è –Ω–µ –∫–æ–º–ø–µ–Ω—Å–∏—Ä—É—é –∫–æ–º–ø–∞–Ω–∏–∏ —Ä–∞–∑–º–µ—Ä –µ–µ —Å—Ç–æ–∏–º–æ—Å—Ç–∏. –í –ø—Ä–∏–Ω—Ü–∏–ø–µ —Ç–æ–∂–µ —Å—Ç–∏–º—É–ª–∏—Ä—É–µ—Ç –∫ –æ–±–µ—Å–ø–µ—á–µ–Ω–∏—é ¬´–∑–∞–±–æ—Ç—ã¬ª –æ –Ω–µ–π –∏ –Ω–∞–ø–∏—Å–∞–Ω–∏—é –ê–∫—Ç–∞ üìÑüßæüìë–ø—Ä–∏ –ø–µ—Ä–µ–¥–∞—á–µ –≤ –ø–æ–ª—å–∑–æ–≤–∞–Ω–∏–µ –¥—Ä—É–≥–æ–º—É –ú–û–õ.

–ù–æ –Ω–∞ –ø—Ä–∞–∫—Ç–∏–∫–µ —è —á–∞—Å—Ç–æ —Å—Ç–∞–ª–∫–∏–≤–∞—é—Å—å —Å –æ—á–µ–Ω—å –∏–Ω—Ç–µ—Ä–µ—Å–Ω—ã–º–∏ –º–æ–º–µ–Ω—Ç–∞–º–∏ –ø—Ä–∏ –∑–∞–∫—Ä–µ–ø–ª–µ–Ω–∏–∏ –∏ –ø–µ—Ä–µ–¥–∞—á–µ –º–∞—Ç–µ—Ä–∏–∞–ª—å–Ω–æ–π –æ—Ç–≤–µ—Ç—Å—Ç–≤–µ–Ω–Ω–æ—Å—Ç–∏, –æ–±—É—Å–ª–æ–≤–ª–µ–Ω–Ω—ã—Ö –æ–±—ã–∫–Ω–æ–≤–µ–Ω–Ω—ã–º –Ω–µ–∑–Ω–∞–Ω–∏–µ–º –æ—Å–Ω–æ–≤–Ω—ã—Ö –ø—Ä–∞–≤–∏–ª –ø–µ—Ä–µ–¥–∞—á–∏ –º–∞—Ç–µ—Ä–∏–∞–ª—å–Ω–æ–π –æ—Ç–≤–µ—Ç—Å—Ç–≤–µ–Ω–Ω–æ—Å—Ç–∏ –∏ –æ—Ç–≤–µ—Ç—Å—Ç–≤–µ–Ω–Ω–æ—Å—Ç–∏ –∑–∞ –∏—Ö –Ω–∞—Ä—É—à–µ–Ω–∏–µ ü§∑ü§¶.

–ë—ã–≤–∞—é—Ç —Ç–∞–∫–∏–µ —Å–∏—Ç—É–∞—Ü–∏–∏, –∫–æ–≥–¥–∞ –∑–∞—Ö–æ–¥–∏—à—å –≤ –ª–∞–±–æ—Ä–∞—Ç–æ—Ä–∏—é, –∞ —Ç–∞–º –±–µ–≥–∞–µ—Ç —á–µ–ª–æ–≤–µ–∫  üò±–≤ –ø–æ–∏—Å–∫–∞—Ö –æ–±–æ—Ä—É–¥–æ–≤–∞–Ω–∏—è üïµÔ∏è‚Äç‚ôÄÔ∏è , –µ—â–µ –≤—á–µ—Ä–∞ —Å—Ç–æ—è–≤—à–µ–≥–æ –Ω–∞ —Å—Ç–æ–ª–µ‚Ä¶–ê –±–µ–≥–∞–µ—Ç –ø–æ—á–µ–º—É? –î–∞ –ø–æ—Ç–æ–º—É —á—Ç–æ –Ω–∞–¥–æ —Å–µ–π—á–∞—Å –≤—ã–ø–æ–ª–Ω—è—Ç—å —Ä–∞–±–æ—Ç—ã –Ω–∞ –Ω–µ–º, –∞ –µ–≥–æ –Ω–µ—Ç üò≠.

–ò–ª–∏ –∑–∞—Ö–æ–¥–∏—à—å –ø—Ä–æ–≤–µ—Ä—è—Ç—å —Ä–µ–µ—Å—Ç—Ä –æ–±–æ—Ä—É–¥–æ–≤–∞–Ω–∏—è, –ø—Ä–æ—Å–∏—à—å –ø–æ–∫–∞–∑–∞—Ç—å –∞–Ω–∞–ª–∏–∑–∞—Ç–æ—Ä –≤–ª–∞–∂–Ω–æ—Å—Ç–∏. –ê —Ç–µ–±–µ –≤ –æ—Ç–≤–µ—Ç: ¬´–î–∞ –æ–Ω —Å—Ç–æ–∏—Ç –≤ –¥—Ä—É–≥–æ–π –ª–∞–±–æ—Ä–∞—Ç–æ—Ä–∏–∏. –û–Ω –Ω–µ –Ω–∞ –∫–æ–º –Ω–∏ —á–∏—Å–ª–∏—Ç—Å—è¬ª üò° (—Ä–∞—Å—Å–∫–∞–∂—É —É –≤–∞–º –≤ —Å–ª–µ–¥—É—é—â–∏—Ö —Å—Ç–∞—Ç—å—è—Ö, –ø–æ—á–µ–º—É —ç—Ç–æ–≥–æ –≤ –ø—Ä–∏–Ω—Ü–∏–ø–µ –±—ã—Ç—å –Ω–µ –º–æ–∂–µ—Ç).

–ê –º–æ–∂–µ—Ç –±—ã—Ç—å –µ—â–µ –∏ —Ç–∞–∫–æ–µ, —á—Ç–æ –∑–∞—Ö–æ–¥–∏—à—å –≤ –ª–∞–±–æ—Ä–∞—Ç–æ—Ä–∏—é, –∞ —Ç–∞–º —Å—Ç–æ–∏—Ç –û–ù–û üõ∏üõ∏üõ∏‚Ä¶

-–û—Ç–∫—É–¥–∞ –≤–∑—è–ª–æ—Å—å?

- –î–∞ —Å –∑–∞–≤–æ–¥–∞ –ø—Ä–∏–≤–µ–∑–ª–∏.

–°–æ–æ—Ç–≤–µ—Ç—Å—Ç–≤–µ–Ω–Ω–æ –Ω–∞ —ç—Ç–æ –û–ù–û –Ω–∏ –∑–∞ –∫–µ–º –Ω–µ –∑–∞–∫—Ä–µ–ø–ª–µ–Ω–∞ –æ—Ç–≤–µ—Ç—Å—Ç–≤–µ–Ω–Ω–æ—Å—Ç—å (–Ω—É –∫—Ä–æ–º–µ —Ç–æ–≥–æ —á–µ–ª–æ–≤–µ–∫–∞, —Å –∑–∞–≤–æ–¥–∞,  —Å –∫–æ—Ç–æ—Ä–æ–≥–æ –ø—Ä–∏ –∏–Ω–≤–µ–Ω—Ç–∞—Ä–∏–∑–∞—Ü–∏–∏ —É–¥–µ—Ä–∂–∞—Ç –Ω–µ–¥–æ—Å—Ç–∞—á—É –≤ —Ä–∞–∑–º–µ—Ä–µ —Å—Ç–æ–∏–º–æ—Å—Ç–∏ —ç—Ç–æ–≥–æ –æ–±–æ—Ä—É–¥–æ–≤–∞–Ω–∏—è), –Ω–µ—Ç –Ω–∏ —Ç–µ—Ö–Ω–∏—á–µ—Å–∫–æ–π –¥–æ–∫—É–º–µ–Ω—Ç–∞—Ü–∏–∏, –Ω–∏ –∏–Ω—Å—Ç—Ä—É–∫—Ü–∏–π –ø–æ –±–µ–∑–æ–ø–∞—Å–Ω—ã–º —É—Å–ª–æ–≤–∏—è–º —ç–∫—Å–ø–ª—É–∞—Ç–∞—Ü–∏–∏, –Ω–∏ –¥–æ–ø—É—Å–∫–æ–≤ –∫ —Ä–∞–±–æ—Ç–µ ‚ò†Ô∏è‚Ä¶

–î–ª—è —Ç–æ–≥–æ, —á—Ç–æ–±—ã —Ä–∞–∑–æ–±—Ä–∞—Ç—å—Å—è, –∫–∞–∫ –ø—Ä–∞–≤–∏–ª—å–Ω–æ –ø–µ—Ä–µ–¥–∞–≤–∞—Ç—å –º–∞—Ç–µ—Ä–∏–∞–ª—å–Ω—É—é –æ—Ç–≤–µ—Ç—Å—Ç–≤–µ–Ω–Ω–æ—Å—Ç—å, –∫–∞–∫–∏–µ –æ—Ñ–æ—Ä–º–ª—è—Ç—å –¥–æ–∫—É–º–µ–Ω—Ç—ã —Ä–∞–∑—Ä–∞–±–æ—Ç–∞–Ω —Ä–∞–¥ –Ω–æ—Ä–º–∞—Ç–∏–≤–Ω—ã—Ö —Ä–µ–≥—É–ª—è—Ç–æ—Ä–æ–≤ üìÉüìÑüìëüßæüóìüóí, –æ–ø–∏—Å—ã–≤–∞—é—â–∏—Ö –∞–ª–≥–æ—Ä–∏—Ç–º –ø–µ—Ä–µ–¥–∞—á–∏ –º–∞—Ç–µ—Ä–∏–∞–ª—å–Ω–æ–π –æ—Ç–≤–µ—Ç—Å—Ç–≤–µ–Ω–Ω–æ—Å—Ç–∏ –∑–∞ –º–∞—Ç–µ—Ä–∏–∞–ª—å–Ω—ã–µ –∞–∫—Ç–∏–≤—ã.

–ü—Ä–µ–¥–ª–∞–≥–∞—é –≤–∞–º –∫—Ä–∞—Ç–∫—É—é –ø–∞–º—è—Ç–∫—É üìïüìñ, –∫–æ—Ç–æ—Ä–∞—è –ø–æ–º–æ–∂–µ—Ç —Ä–∞–∑–≥—Ä–∞–Ω–∏—á–∏—Ç—å –æ–±—è–∑–∞–Ω–Ω–æ—Å—Ç–∏ –∏ –æ—Ç–≤–µ—Ç—Å—Ç–≤–µ–Ω–Ω–æ—Å—Ç—å —Å—Ç–æ—Ä–æ–Ω –ø—Ä–∏ –ø–µ—Ä–µ–¥–∞—á–µ –º–∞—Ç–µ—Ä–∏–∞–ª—å–Ω–æ–π –æ—Ç–≤–µ—Ç—Å—Ç–≤–µ–Ω–Ω–æ—Å—Ç–∏, –∏–∑–±–µ–∂–∞—Ç—å –æ—à–∏–±–æ–∫ –ø—Ä–∏ –ø–µ—Ä–µ–¥–∞—á–µ –º–∞—Ç–µ—Ä–∏–∞–ª—å–Ω—ã—Ö –∞–∫—Ç–∏–≤–æ–≤, –∞ —Å–ª–µ–¥–æ–≤–∞—Ç–µ–ª—å–Ω–æ —Å—ç–∫–æ–Ω–æ–º–∏—Ç –≤–∞—à–∏ –Ω–µ—Ä–≤—ã –∏ –¥–µ–Ω—å–≥–∏ .

–•–æ—Ä–æ—à–µ–≥–æ –≤–µ—á–µ—Ä–∞ –∏ —Å–ø–æ–∫–æ–π–Ω–æ–≥–æ —Å–µ—Ä–¥—Ü–∞ –≤–∞–º –∑–∞ —Å–≤–æ–∏ –º–∞—Ç.–∞–∫—Ç–∏–≤—ã!üë£üë£üë£",–ö–æ—Ä–ø–æ—Ä–∞—Ç–∏–≤–Ω–∞—è –∫—É–ª—å—Ç—É—Ä–∞
–ü—Ä–æ–≥—Ä–∞–º–º—ã —Ä–∞–∑–≤–∏—Ç–∏—è –∏ –∞—Ç—Ç–µ—Å—Ç–∞—Ü–∏—è,19,"–ù–æ–≤–æ—Å—Ç–∏ –∞—Ç—Ç–µ—Å—Ç–∞—Ü–∏–∏, –∏–Ω—Å—Ç—Ä—É–∫—Ü–∏–∏","–í—Å–µ–º –¥–æ–±—Ä–æ–≥–æ –ø—è—Ç–Ω–∏—á–Ω–æ–≥–æ –≤–µ—á–µ—Ä–∞!üëã

–ù–µ–¥–µ–ª—è –ø—Ä–æ—à–ª–∞ –ø—Ä–æ–¥—É–∫—Ç–∏–≤–Ω–æ, –±—ã–ª–æ –ø–æ–ª—É—á–µ–Ω–æ –º–Ω–æ–≥–æ –¥–æ–ø—É—Å–∫–æ–≤, –Ω–æ –ø—Ä–∏—à–ª–æ –≤—Ä–µ–º—è –ø–æ–¥–≥–æ—Ç–æ–≤–∏—Ç—å—Å—è –∫ —Å–ª–µ–¥—É—é—â–µ–π –Ω–µ –º–µ–Ω–µ–µ –ø—Ä–æ–¥—É–∫—Ç–∏–≤–Ω–æ–π –Ω–µ–¥–µ–ª–µ!üí™

–ü—É–±–ª–∏–∫—É—é –≥—Ä–∞—Ñ–∏–∫ –ø—Ä–æ–≤–µ–¥–µ–Ω–∏—è –¥–æ–ø—É—Å–∫–æ–≤ –∫ —Ä–∞–±–æ—Ç–µ –Ω–∞ –æ–±–æ—Ä—É–¥–æ–≤–∞–Ω–∏–∏ üî¨–Ω–∞ –ø—Ä–µ–¥—Å—Ç–æ—è—â—É—é –Ω–µ–¥–µ–ª—é.üë©‚Äç‚öïÔ∏èüë®‚Äç‚öïÔ∏è  –ù–∞–ø–æ–º–∏–Ω–∞—é, —á—Ç–æ –≤ —Å–ª—É—á–∞–µ –Ω–µ–æ–±—Ö–æ–¥–∏–º–æ—Å—Ç–∏ **–ø–µ—Ä–µ–Ω–æ—Å–∞ –¥–æ–ø—É—Å–∫–∞ –ø–æ —É–≤–∞–∂–∏—Ç–µ–ª—å–Ω–æ–π –ø—Ä–∏—á–∏–Ω–µ**, –Ω–µ–æ–±—Ö–æ–¥–∏–º–æ –∑–∞–±–ª–∞–≥–æ–≤—Ä–µ–º–µ–Ω–Ω–æ –Ω–∞–ø–∏—Å–∞—Ç—å *–°–ª—É–∂–µ–±–Ω—É—é –∑–∞–ø–∏—Å–∫—É *–∏–ª–∏ –æ—Å—Ç–∞–≤–∏—Ç—å *–î–æ–≤–µ—Ä–µ–Ω–Ω–æ—Å—Ç—å*üìë",–ü—Ä–æ–≥—Ä–∞–º–º—ã —Ä–∞–∑–≤–∏—Ç–∏—è –∏ –∞—Ç—Ç–µ—Å—Ç–∞—Ü–∏—è
5. –ö–û–ù–¶–ï–ü–¶–ò–ò –ò –¶–ï–õ–ò –î–ï–Ø–¢–ï–õ–¨–ù–û–°–¢–ò,18,"–£—Å—Ç–∞–Ω–æ–≤–∫–∏, –∏–¥–µ–∏","–í—Å–µ–º –ø—Ä–∏–≤–µ—Ç!)
–°—Ç–æ–ª–∫–Ω—É–ª—Å—è —Å –ª–µ–∫—Ü–∏–µ–π ¬´–°—Ç—Ä—É–∫—Ç—É—Ä–∞ –Ω–µ–π—Ä–æ—Ñ–∏–∑–∏–æ–ª–æ–≥–∏—á–µ—Å–∫–∏–π –ø—Ä–æ—Ü–µ—Å—Å–æ–≤, –ø—Ä–æ—Ç–µ–∫–∞—é—â–∏—Ö –≤ –º–æ–∑–≥–µ —á–µ–ª–æ–≤–µ–∫–∞ –ø—Ä–∏ –≤—ã–±–æ—Ä–µ –∫–∞—Ä—Ç–∏–Ω–æ–∫ –¥–ª—è —Å–∞–π—Ç–æ–≤¬ª

–í—Ä—è–¥ –ª–∏ –∫—Ç–æ-–Ω–∏–±—É–¥—å –∑–∞–¥—É–º—ã–≤–∞–ª—Å—è, –∫–∞–∫–∏–µ —Å—Ç—Ä—É–∫—Ç—É—Ä—ã –≥–æ–ª–æ–≤–Ω–æ–≥–æ –º–æ–∑–≥–∞ –∑–∞–¥–µ–π—Å—Ç–≤–æ–≤–∞–Ω—ã –≤ —Ç–∞–∫–æ–π –ø—Ä–æ—Å—Ç–æ–π, –Ω–∞ –ø–µ—Ä–≤—ã–π –≤–∑–≥–ª—è–¥, –∑–∞–¥–∞—á–µ. –ö–∞–∫ –æ–∫–∞–∑–∞–ª–æ—Å—å, –≤–æ –≤—Ä–µ–º—è –ø–æ–∏—Å–∫–∞ –∏ –ø–æ–¥–±–æ—Ä–∞ –∫–∞—Ä—Ç–∏–Ω–æ–∫, –≤ –Ω–∞—à–µ–º –º–æ–∑–≥–µ, –æ–±—Ä–∞–∑ –∫–∞—Ä—Ç–∏–Ω–∫–∏ –≤—ã–∑—ã–≤–∞–µ—Ç –∞—Å—Å–æ—Ü–∏–∞—Ü–∏–∏ —Å –æ–ø—Ä–µ–¥–µ–ª–µ–Ω–Ω–æ–π —ç–º–æ—Ü–∏–æ–Ω–∞–ª—å–Ω–æ–π –æ–∫—Ä–∞—Å–∫–æ–π, –∑–∞ —Å—á–µ—Ç –ø–µ—Ä–µ–∂–∏—Ç–æ–≥–æ –æ–ø—ã—Ç–∞. –¢–∞–∫–∂–µ –æ–Ω–∏ –º–æ–≥—É—Ç –±—ã—Ç—å —Ä–∞–∑–Ω—ã–º–∏ –ø–æ —ç–º–æ—Ü–∏–æ–Ω–∞–ª—å–Ω–æ–π —Å–∏–ª–µ. –ù–µ –º–∞–ª–æ –≤–∞–∂–Ω—É—é —Ä–æ–ª—å –∏–≥—Ä–∞–µ—Ç —ç–º–æ—Ü–∏–æ–Ω–∞–ª—å–Ω–∞—è –∑–Ω–∞—á–∏–º–æ—Å—Ç—å –ø–æ—Å—Ç–∞–≤–ª–µ–Ω–Ω–æ–π –ø–µ—Ä–µ–¥ –Ω–∞–º–∏ –∑–∞–¥–∞—á–∏. –ï—Å–ª–∏ –æ–Ω–∞ –∏–º–µ–µ—Ç –Ω–∏–∑–∫—É—é –∑–Ω–∞—á–∏–º–æ—Å—Ç—å, —Ç–æ –≥–∏–ø–æ—Ç–∞–ª–∞–º—É—Å –≤—ã—Ä–∞–±–∞—Ç—ã–≤–∞–µ—Ç –º–µ–Ω—å—à–µ–µ –∫–æ–ª–∏—á–µ—Å—Ç–≤–æ –Ω–µ–π—Ä–æ–ø–µ–ø—Ç–∏–¥–æ–≤, —Ç–µ–º —Å–∞–º—ã–º –æ–±—Ä–∞–∑ –±—É–¥–µ—Ç –∏–º–µ—Ç—å –Ω–µ–¥–æ—Å—Ç–∞—Ç–æ—á–Ω—É—é –∏—Ç–æ–≥–æ–≤—É—é —ç–º–æ—Ü–∏–æ–Ω–∞–ª—å–Ω—É—é –æ–∫—Ä–∞—Å–∫—É. –î–ª—è —É—Å–ø–µ—à–Ω–æ–π —Ä–∞–±–æ—Ç—ã –Ω–µ–æ–±—Ö–æ–¥–∏–º–∞ –≤—ã—Ä–∞–±–æ—Ç–∫–∞ –∏–º–µ–Ω–Ω–æ –ø–æ–∑–∏—Ç–∏–≤–Ω—ã—Ö –Ω–µ–π—Ä–æ–ø–µ–ø—Ç–∏–¥–æ–≤.

–î–ª—è –º–µ–Ω—è —ç—Ç–æ —Å—Ç–∞–ª–æ –æ—Ç–∫—Ä—ã—Ç–∏–µ–º.",5. –ö–û–ù–¶–ï–ü–¶–ò–ò –ò –¶–ï–õ–ò –î–ï–Ø–¢–ï–õ–¨–ù–û–°–¢–ò
6. –ö–û–†–ü–û–†–ê–¢–ò–í–ù–ê–Ø –ö–£–õ–¨–¢–£–†–ê,16,"–£—Å—Ç–∞–Ω–æ–≤–∫–∏, –∏–¥–µ–∏","–î–æ–±—Ä–æ–≥–æ —É—Ç—Ä–∞ –≤—Å–µ–º! –Ω–∞ –æ–¥–Ω–æ–º –∏–∑ —Å–æ–≤–µ—â–∞–Ω–∏–π –í–∞–ª–µ—Ä–∏–π –ù–∏–∫–æ–ª–∞–µ–≤–∏—á –≥–æ–≤–æ—Ä–∏–ª –ø—Ä–æ —Ä–∏—Ç—É–∞–ª—ã, —Å –ø–æ–º–æ—â—å—é –∫–æ—Ç–æ—Ä—ã—Ö –Ω–µ–∫–æ—Ç–æ—Ä—ã–µ –ø–ª–µ–º–µ–Ω–∞ –ø—Ä–µ–¥–æ–ø—Ä–µ–¥–µ–ª—è—é—Ç –º–æ–¥–µ–ª—å –∂–∏–∑–Ω–∏ (–∏ –≤ –∫–∞–∫–æ–π-—Ç–æ —Å—Ç–µ–ø–µ–Ω–∏ - —Å—É–¥—å–±—É) —á–µ–ª–æ–≤–µ–∫–∞. –ù–∏–∂–µ —Å—Å—ã–ª–∫–∞ –Ω–∞ —Å—Ç–∞—Ç—å—é –ø—Ä–æ –Ω–∏—Ö. –ß—Ç–µ–Ω–∏–µ –±–æ–¥—Ä–∏—Ç —Å–∏–ª—å–Ω–µ–µ —á–µ–º –∫–æ—Ñ–µ)) –ú–æ–∂–Ω–æ —Å–æ—Å—Ç–∞–≤–∏—Ç—å —Ä–µ–π—Ç–∏–Ω–≥ ""—É–∂–∞—Å–Ω–æ—Å—Ç–∏"" - —É –º–µ–Ω—è –µ—Å—Ç—å –æ–¥–Ω–æ–∑–Ω–∞—á–Ω—ã–π —Ñ–∞–≤–æ—Ä–∏—Ç –≤ —ç—Ç–æ–º  —Ä–µ–π—Ç–∏–Ω–≥–µ)

#–£–ú–ï–ô–î–£–ú–ê–¢–¨: –∫–æ–≥–¥–∞ –ø—Ä–æ –ø–ª–µ–º–µ–Ω–∞ –≥–æ–≤–æ—Ä–∏–º - –∫–∞–∂–µ—Ç—Å—è, —á—Ç–æ —ç—Ç–æ —Å–æ–≤—Å–µ–º –ø—Ä–æ —á—Ç–æ-—Ç–æ –¥–∞–ª–µ–∫–æ–µ, —Å—Ç—Ä–∞—à–Ω—ã–µ —Å–∫–∞–∑–∫–∏. –ê –≤ —Å–æ–≤—Ä–µ–º–µ–Ω–Ω–æ–º –æ–±—â–µ—Å—Ç–≤–µ, –∏ –≤ –æ–±—â–µ—Å—Ç–≤–µ –º–æ–¥–µ—Ä–Ω–∞ –µ—Å—Ç—å —è—Ä–∫–∏–µ –æ–±—Ä—è–¥—ã –∏–Ω–∏—Ü–∏–∞—Ü–∏–∏? –∫—Ç–æ, —á—Ç–æ –º–æ–∂–µ—Ç –≤—Å–ø–æ–º–Ω–∏—Ç—å?

–°—Å—ã–ª–∫–∞ –Ω–∞ —Å—Ç–∞—Ç—å—é: https://zen.yandex.ru/media/biletikaero/neveroiatnye-obriady-iniciacii-5f3d16de8fb19a32ac521adc",6. –ö–û–†–ü–û–†–ê–¢–ò–í–ù–ê–Ø –ö–£–õ–¨–¢–£–†–ê
5. –ö–û–ù–¶–ï–ü–¶–ò–ò –ò –¶–ï–õ–ò –ù–ò–£–ú–î,13,"–£—Å—Ç–∞–Ω–æ–≤–∫–∏, –∏–¥–µ–∏","–ö–∞–∫ –º—ã —É–∂–µ –¥—É–º–∞—é —É–±–µ–¥–∏–ª–∏—Å—å, —É–Ω–∏–≤–µ—Ä—Å–∞–ª—å–Ω—ã–µ —É—á–µ–±–Ω—ã–µ –ø—Ä–æ–≥—Ä–∞–º–º—ã —Ä–∞–±–æ—Ç–∞—é—Ç –Ω–µ –æ—á–µ–Ω—å —É—Å–ø–µ—à–Ω–æ. –í—ã—Ö–æ–¥ ""–≥–æ–¥–Ω—ã—Ö"" —Å–ª–∏—à–∫–æ–º –º–∞–ª. –ü–æ—ç—Ç–æ–º—É –Ω–∞—É—á–Ω–æ-–º–µ—Ç–æ–¥–∏—á–µ—Å–∫–∞—è –º—ã—Å–ª—å –ø–æ—à–ª–∞ –ø–æ –ø—É—Ç–∏ –≤—ã—è–≤–ª–µ–Ω–∏—è –ø—Ä–æ–±–ª–µ–º, –∫–æ—Ç–æ—Ä—ã–µ –º–µ—à–∞—é—Ç –∫–æ–Ω–∫—Ä–µ—Ç–Ω–æ–º—É —á–µ–ª–æ–≤–µ–∫—É –±—ã—Ç—å —ç—Ñ—Ñ–µ–∫—Ç–∏–≤–Ω—ã–º –≤ —Å–ª–æ–∂–Ω—ã—Ö –≤–∏–¥–∞—Ö –¥–µ—è—Ç–µ–ª—å–Ω–æ—Å—Ç–∏, —á—Ç–æ–±—ã –∑–∞—Ç–µ–º —ç—Ç–∏ –∏–Ω–¥–∏–≤–∏–¥—É–∞–ª—å–Ω—ã–µ –ø—Ä–æ–±–ª–µ–º—ã –Ω–∞–ø—Ä–∞–≤–ª–µ–Ω–Ω–æ —Ä–µ—à–∞—Ç—å. –ü—Ä–µ–¥–ª–∞–≥–∞—é –æ–∑–Ω–∞–∫–æ–º–∏—Ç—å—Å—è —Å —É—á–µ–±–Ω—ã–º –º–∞—Ç–µ—Ä–∏–∞–ª–æ–º –æ —Ç–æ–º, –æ—Ç –∫–∞–∫–∏—Ö —Ñ–∞–∫—Ç–æ—Ä–æ–≤ –∑–∞–≤–∏—Å–∏—Ç —Ä–∞–±–æ—Ç–∞ –Ω–∞—à–µ–≥–æ –≤–æ–æ–±—Ä–∞–∂–µ–Ω–∏—è, –æ–±—Ä–∞–∑–Ω–æ–≥–æ –∏–Ω—Ç–µ–ª–ª–µ–∫—Ç–∞, –≠–ß–í –∏ –≠–ß–ú.",5. –ö–û–ù–¶–ï–ü–¶–ò–ò –ò –¶–ï–õ–ò –ù–ò–£–ú–î
–ü–µ—Ä–≤–∞—è –ø–æ–º–æ—â—å –Ω–∞—á–∏–Ω–∞—é—â–∏–º,12,"–ü–æ–¥–±–∞–¥—Ä–∏–≤–∞—é—â–∏–µ —Å–æ–æ–±—â–µ–Ω–∏—è –¥–ª—è —Å–æ—Ç—Ä—É–¥–Ω–∏–∫–æ–≤, —Å–ª–æ–≤–∞ –ø–æ–¥–¥–µ–∂–∫–∏, –Ω–æ–≤–æ—Å—Ç–∏ –∫–æ–º–ø–∞–Ω–∏–∏","–î–æ–±—Ä—ã–π –¥–µ–Ω—å, –¥—Ä—É–∑—å—è!‚òÄÔ∏è

–û–¥–Ω–∞ –∏–∑ —Å–∞–º—ã—Ö –Ω–µ–ª—é–±–∏–º—ã—Ö –∏ –ø–æ—Å—Ç–æ—è–Ω–Ω–æ –æ—Ç—Ç—è–≥–∏–≤–∞–µ–º—ã—Ö –≤—Å–µ–º–∏ –∑–∞–¥–∞—á - –Ω–∞–ø–∏—Å–∞–Ω–∏–µ —Å–ª—É–∂–µ–±–Ω—ã—Ö –∑–∞–ø–∏—Å–æ–∫üìù. –ü–æ—á–µ–º—É –º–Ω–æ–≥–∏–µ —Ç–∞–∫ –Ω–µ –ª—é–±—è—Ç —ç—Ç–æ –¥–µ–ª–æ? –ü–æ—Ä–æ–π –∫–∞–∂–µ—Ç—Å—è, —á—Ç–æ —ç—Ç–æ - –±–µ—Å–ø–æ–ª–µ–∑–Ω–∞—è ""–±—É–º–∞–∂–∫–∞"", –Ω–æ –Ω–∞ —Å–∞–º–æ–º –¥–µ–ª–µ —Å–ª—É–∂–µ–±–Ω–∞—è –∑–∞–ø–∏—Å–∫–∞ - —ç—Ç–æ –∑–∞–∫—Ä–µ–ø–ª–µ–Ω–Ω–∞—è –¥–æ–≥–æ–≤–æ—Ä–µ–Ω–Ω–æ—Å—Ç—å –∏ –æ—Å–Ω–æ–≤–∞–Ω–∏–µ –¥–ª—è –≤—ã–ø–æ–ª–Ω–µ–Ω–∏—è –¥–∞–ª—å–Ω–µ–π—à–∏—Ö —Ä–∞–±–æ—Ç, –∏–º–µ–Ω–Ω–æ –ø–æ—ç—Ç–æ–º—É –º—ã —Å –≤–∞–º–∏ –±—É–¥–µ–º —É—á–∏—Ç—å—Å—è –±—ã—Å—Ç—Ä–æ –∏ –∫–∞—á–µ—Å—Ç–≤–µ–Ω–Ω–æ –∑–∞–ø–æ–ª–Ω—è—Ç—å —Å–ª—É–∂–µ–±–Ω—ã–µ –∑–∞–ø–∏—Å–∫–∏, —á—Ç–æ–±—ã –ø–æ—Ç–æ–º –≤—ã –∏—Ö —â–µ–ª–∫–∞–ª–∏ –∫–∞–∫ –æ—Ä–µ—à–∫–∏ üòÅüå∞ü•ú

–ù–∞—á–Ω–µ–º –º—ã —Å **–ø—Ä–µ–¥–æ—Å—Ç–∞–≤–ª–µ–Ω–∏—è –ü–æ–ª—å–∑–æ–≤–∞—Ç–µ–ª—é –¥–æ—Å—Ç—É–ø–∞ –∫ —Ñ–æ—Ä–º–∞–º –°–≠–î–û**.

–î–ª—è —Ç–æ–≥–æ, —á—Ç–æ–±—ã –≤—ã –º–æ–≥–ª–∏ —Å–∫–∞—á–∞—Ç—å –Ω—É–∂–Ω—ã–π –≤–∞–º –¥–æ–∫—É–º–µ–Ω—Ç, –∫ –Ω–µ–º—É –Ω–µ–æ–±—Ö–æ–¥–∏–º–æ –ø–æ–ª—É—á–∏—Ç—å –¥–æ—Å—Ç—É–ø. –°–¥–µ–ª–∞—Ç—å —ç—Ç–æ –ø—Ä–æ—Å—Ç–æ:
1. ‚¨á [–°–∫–∞—á–∏–≤–∞–µ–º —à–∞–±–ª–æ–Ω –°–ó –∏–∑ —Å–∏—Å—Ç–µ–º—ã](https://l.workplace.com/l.php?u=https%3A%2F%2Fsed.efko.ru%2Fnormative-documents%2Findex&h=AT0Vmb3JtaO-VlLtm0o-onQbxz4Nx3VAiPdhaSXR0KyEcsd1CRsU-pJ8AX7E_ZpmPwgs5KSILSgZALLMpInbs-sV4GH5iwLk2GjBuYMRQgyFZeeL2LiSCZA_8pXsrRipUc1griDHJojUTk0H&__tn__=-UK-R&c[0]=AT2fkjsI8T3HhT9ZkZPsdTDRL-A9Hoi8nQTqpEWRGLNL0IfRleONCkvTVRNePk2nCLqQzUGfUoS_ctmcSnx11UASdRr6IXlXnXyJu3yT0NfHr-qKrrlxdasjQjejxU86nePN1hdewNgF970DLHvLnWntJ8ZGWrl__Gl78pOT1Qyskxa4MqBzA0hY0OmQP5BAL8WeHY06KzfnI7lHu28) (—Ä–∞–∑–¥–µ–ª –ù–†)
2. –ó–∞–ø–æ–ª–Ω—è–µ–º –¥–∞–Ω–Ω—ã–µ –ü–æ–ª—å–∑–æ–≤–∞—Ç–µ–ª—è üë§, –∫–æ—Ç–æ—Ä–æ–º—É –Ω–µ–æ–±—Ö–æ–¥–∏–º–æ –ø—Ä–µ–¥–æ—Å—Ç–∞–≤–∏—Ç—å –¥–æ—Å—Ç—É–ø –∫ —Ñ–æ—Ä–º–∞–º - –§–ò–û, –ª–æ–≥–∏–Ω, –æ—Ä–≥–∞–Ω–∏–∑–∞—Ü–∏—è –∏ –¥–æ–ª–∂–Ω–æ—Å—Ç—å
3. –ó–∞–ø–æ–ª–Ω—è–µ–º –¥–∞–Ω–Ω—ã–µ —Ñ–æ—Ä–º üìÇ(–∏—Ö –≤—ã –º–æ–∂–µ—Ç–µ –Ω–∞–π—Ç–∏, –Ω–∞–∂–∞–≤ –Ω–∞ –∑–Ω–∞—á–æ–∫ ""–ì–ª–∞–∑–∏–∫"" (–ø—Ä–æ—Å–º–æ—Ç—Ä) –≤ –ø–æ–ª–µ —Ñ–æ—Ä–º—ã)
4. –°–æ–≥–ª–∞—Å–æ–≤—ã–≤–∞–µ–º –°–ó üñå—Å –Ω–µ–ø–æ—Å—Ä–µ–¥—Å—Ç–≤–µ–Ω–Ω—ã–º —Ä—É–∫–æ–≤–æ–¥–∏—Ç–µ–ª–µ–º, —Ä—É–∫–æ–≤–æ–¥–∏—Ç–µ–ª–µ–º –Ω–∞–ø—Ä–∞–≤–ª–µ–Ω–∏—è (–ò—Å–ø–æ–ª–Ω–∏—Ç–µ–ª—å–Ω—ã–π –¥–∏—Ä–µ–∫—Ç–æ—Ä, –î–∏—Ä–µ–∫—Ç–æ—Ä –ø–æ —Å—Ç—Ä–∞—Ç–µ–≥–∏—á–µ—Å–∫–æ–º—É –º–µ–Ω–µ–¥–∂–º–µ–Ω—Ç—É, –î–∏—Ä–µ–∫—Ç–æ—Ä –ø–æ –∏–Ω–Ω–æ–≤–∞—Ü–∏—è–º) –∏ –†—É–∫–æ–≤–æ–¥–∏—Ç–µ–ª–µ–º –°–ª—É–∂–±—ã –∫–æ–Ω—Ç—Ä–æ–ª—è –æ–±—â–µ–∫–æ—Ä–ø–æ—Ä–∞—Ç–∏–≤–Ω—ã—Ö –Ω–æ—Ä–º
–ü—Ä–∏ —Å–æ–≥–ª–∞—Å–æ–≤–∞–Ω–∏–∏ –Ω–∞—Å—Ç–æ—è—Ç–µ–ª—å–Ω–æ —Ä–µ–∫–æ–º–µ–Ω–¥—É—é –ø–æ–ª—å–∑–æ–≤–∞—Ç—å—Å—è —Å–∏—Å—Ç–µ–º–æ–π WSSD üíª- —ç—Ç–æ –∏ –ø—Ä–æ—â–µ, –∏ —É–¥–æ–±–Ω–µ–µ, –¥–∞ –∏ –ø–æ—Ç–µ—Ä—è—Ç—å—Å—è —ç–ª–µ–∫—Ç—Ä–æ–Ω–Ω—ã–π –¥–æ–∫—É–º–µ–Ω—Ç –Ω–µ –º–æ–∂–µ—Ç üòâ. –¢–∞–∫–∂–µ –≤ —Ä–∞—Å—Å—ã–ª–∫—É üì§ —Å—Ç–∞–≤—å—Ç–µ –∞–¥–º–∏–Ω–∏—Å—Ç—Ä–∞—Ç–æ—Ä–∞ —Ñ–æ—Ä–º –°–≠–î–û, –∫ –∫–æ—Ç–æ—Ä—ã–º —Ç—Ä–µ–±—É–µ—Ç—Å—è –ø—Ä–µ–¥–æ—Å—Ç–∞–≤–ª–µ–Ω–∏–µ –¥–æ—Å—Ç—É–ø–∞ (–≤ –ò–¶ —ç—Ç–æ **[–ö–∞—Ä–∏–Ω–∞ –°–ø–æ–¥–∏–Ω–∞](https://icbirucnt686.workplace.com/profile.php?id=100053467892894)**)
–ï—Å–ª–∏ –±—É–¥—É—Ç –≤–æ–∑–Ω–∏–∫–∞—Ç—å –∫–∞–∫–∏–µ-—Ç–æ –≤–æ–ø—Ä–æ—Å—ã - —Å–º–µ–ª–æ –æ–±—Ä–∞—â–∞–π—Ç–µ—Å—å –∫ –ö–∞—Ä–∏–Ω–µ, –æ–Ω–∞ –≤–∞–º –æ–±—è–∑–∞—Ç–µ–ª—å–Ω–æ –ø–æ–º–æ–∂–µ—Ç",–ü–µ—Ä–≤–∞—è –ø–æ–º–æ—â—å –Ω–∞—á–∏–Ω–∞—é—â–∏–º
8. –í–ù–ï–®–ù–ò–ô –ú–ò–†,11,"–ú–µ—Ä–æ–ø—Ä–∏—è—Ç–∏—è, –∫–æ–º–∞–Ω–¥–∏—Ä–æ–≤–∫–∏, –Ω–æ–≤–æ—Å—Ç–∏","–ü–æ—Å–ª–µ –∏—Å—Å–ª–µ–¥–æ–≤–∞–Ω–∏—è –≤ –≥.–ë–µ–ª–≥–æ—Ä–æ–¥ —Å—Ä–∞–∑—É –æ—Ç–ø—Ä–∞–≤–∏–ª–∞—Å—å –≤ –ú–æ—Å–∫–≤—É. –•–æ—á–µ—Ç—Å—è —Å–∫–∞–∑–∞—Ç—å, —á—Ç–æ –ª—é–¥–∏ –∑–¥–µ—Å—å –æ—Ç–ª–∏—á–∞—é—Ç—Å—è, –Ω–æ –ø–æ–∫–∞ –ø—Ä–æ–≤–æ–¥–∏–ª–∏ –∏—Å—Å–ª–µ–¥–æ–≤–∞–Ω–∏–µ –ø–æ–Ω—è–ª–∞, —á—Ç–æ –Ω–µ —Ç–∞–∫ —É–∂ –∏ —Å–∏–ª—å–Ω–æ. –ü–æ–∑–Ω–∞–∫–æ–º–∏–ª–∏—Å—å —Å —Ä–µ–∫—Ä—É—Ç–µ—Ä–∞–º–∏ –∏ –∏–Ω—Ç–µ—Ä–≤—å—é–µ—Ä–∞–º–∏, –æ–Ω–∏ –ø–æ–¥–µ–ª–∏–ª–∏—Å—å —Å–≤–æ–∏–º –æ–ø—ã—Ç–æ–º, —Å–≤–æ–∏–º–∏ –≤–ø–µ—á–∞—Ç–ª–µ–Ω–∏—è–º–∏ –æ –≤–µ–≥–µ—Ç–∞—Ä–∏–∞–Ω—Ü–∞—Ö. –û–Ω–∏ –∂–µ —Ä–∞—Å—Å–∫–∞–∑–∞–ª–∏ –º–Ω–µ –æ—á–µ–Ω—å –∑–∞–Ω–∏–º–∞—Ç–µ–ª—å–Ω—É—é –∏—Å—Ç–æ—Ä–∏—é, –∫–æ—Ç–æ—Ä–∞—è –æ—á–µ–Ω—å —Å–∏–ª—å–Ω–æ –º–µ–Ω—è —É–¥–∏–≤–∏–ª–∞. –ò—Ç–∞–∫, –Ω–∞—á–Ω–µ–º —Å —Ç–æ–≥–æ, —á—Ç–æ –∑–¥–µ—Å—å –ª—é–¥—è–º –∑–∞ —É—á–∞—Å—Ç–∏–µ –ø–ª–∞—Ç—è—Ç –Ω–µ–º–Ω–æ–≥–æ –º–µ–Ω—å—à–µ, –Ω–æ –¥–∞–∂–µ –∑–∞ –Ω–µ–±–æ–ª—å—à–∏–µ –¥–µ–Ω—å–≥–∏ –æ–Ω–∏ –≥–æ—Ç–æ–≤—ã –Ω–∞ –≤—Å–µ. –ê–≥–µ–Ω—Å—Ç–≤–æ –ø—Ä–∏–≥–ª–∞—Å–∏–ª–æ –≤–µ–≥–µ—Ç–∞—Ä–∏–∞–Ω—Ü–µ–≤ –∑–∞ –æ–ø—Ä–µ–¥–µ–ª–µ–Ω–Ω–æ–µ –º–∞—Ç–µ—Ä–∏–∞–ª—å–Ω–æ –≤–æ–∑–Ω–∞–≥—Ä–∞–∂–¥–µ–Ω–∏–µ, –Ω–æ –ø—Ä–∏—à–ª–æ –Ω–µ—Å–∫–æ–ª—å–∫–æ –±–æ–ª—å—à–µ –ª—é–¥–µ–π, —á–µ–º —Ç–æ–≥–æ —Ç—Ä–µ–±–æ–≤–∞–ª–æ—Å—å. –í—Å–µ –º–∞—Ç–µ—Ä–∏–∞–ª—å–Ω–æ–µ –≤–æ–∑–Ω–∞–≥—Ä–∞–∂–¥–µ–Ω–∏–µ –¥–æ—Å—Ç–∞–ª–æ—Å—å —Ç–µ–º, –∫—Ç–æ –ø—Ä–∏—à–µ–ª –ø–æ—Ä–∞–Ω—å—à–µ, –∞ —Ç–µ, –∫—Ç–æ –Ω–µ —É—Å–ø–µ–ª - —É—Å—Ç—Ä–æ–∏–ª–∏ –±—É–Ω—Ç. –û–Ω–∏ –∑–∞–ø–µ—Ä–ª–∏ –≤ –ø–æ–º–µ—â–µ–Ω–∏–∏ –æ—Ä–≥–∞–Ω–∏–∑–∞—Ç–æ—Ä–æ–≤, –∫—Ä–∏—á–∞–ª–∏, —Ç—Ä–µ–±–æ–≤–∞–ª–∏, —á—Ç–æ–±—ã –∏–º –æ—Ç–¥–∞–ª–∏ –¥–µ–Ω—å–≥–∏. –ù–∞ –º–∏–Ω—É—Ç–æ—á–∫—É, —ç—Ç–æ –±—ã–ª–æ –≤ —Ü–µ–Ω—Ç—Ä–µ –ú–æ—Å–∫–≤—ã! –í —Ç–∞–∫–∏–µ –º–æ–º–µ–Ω—Ç—ã –¥—É–º–∞–µ—à—å: ¬´–ù–∞–¥–æ –∂–µ, –∏ —Ç–∞–∫–æ–µ –±—ã–≤–∞–µ—Ç¬ª. –ß–µ–º –∑–∞–∫–æ–Ω—á–∏–ª–∞—Å—å –∏—Å—Ç–æ—Ä–∏—è –º–Ω–µ —Ç–∞–∫ –∏ –Ω–µ —Ä–∞—Å—Å–∫–∞–∑–∞–ª–∏, –Ω–æ –≤–æ–∑—å–º—É –Ω–∞ –∑–∞–º–µ—Ç—É, —á—Ç–æ –≤–µ–≥–µ—Ç–∞—Ä–∏–∞–Ω—Ü–µ–≤ —Ç–æ–∂–µ –ª—É—á—à–µ –Ω–µ –∑–ª–∏—Ç—å, –æ–Ω–∏ –º–æ–≥—É—Ç –±—ã—Ç—å –¥–∞–∂–µ —Å—Ç—Ä–∞—à–Ω–µ–µ.",8. –í–ù–ï–®–ù–ò–ô –ú–ò–†
"–†–µ–∫—Ä—É—Ç–∏–Ω–≥ (""–ü–µ—Ä–≤–æ–µ –∑–Ω–∞–∫–æ–º—Å—Ç–≤–æ"")",10,"–ò–Ω—Ç–µ—Ä–≤—å—é, –∏–¥–µ–∏, –Ω–æ–≤–æ—Å—Ç–∏","–í—Å–µ–º –¥–æ–±—Ä–æ–≥–æ –¥–Ω—è! üåû

–ü—Ä–æ–¥–æ–ª–∂–∞–µ–º –≤—ã–∫–ª–∞–¥—ã–≤–∞—Ç—å –∏–Ω—Ç–µ—Ä–≤—å—é —Å —Å–æ—Ç—Ä—É–¥–Ω–∏–∫–∞–º–∏ –ê–Ω–∞–ª–∏—Ç–∏—á–µ—Å–∫–æ–≥–æ –ø–æ–¥—Ä–∞–∑–¥–µ–ª–µ–Ω–∏—è.

–°–µ–≥–æ–¥–Ω—è—à–Ω–∏–π –Ω–∞—à –≥–æ—Å—Ç—å - –ö–∞–º–µ–Ω–µ–≤–∞ –ï–ª–µ–Ω–∞.

***–í: ""–ö–∞–∫ –¥–æ–ª–≥–æ —Ç—ã —Ä–∞–±–æ—Ç–∞–µ—à—å –≤ –ö–æ–º–ø–∞–Ω–∏–∏ –≠–§–ö–û?""***

–ï: ""–í –∫–æ–º–ø–∞–Ω–∏–∏ —è —Ä–∞–±–æ—Ç–∞—é –ø–æ—Ä—è–¥–∫–∞ 7-–º–∏ –º–µ—Å—è—Ü–µ–≤.""

***–í: ""–û—Ç–∫—É–¥–∞ —Ç—ã —É–∑–Ω–∞–ª–∞ –æ –ö–æ–º–ø–∞–Ω–∏–∏?""***

–ï: ""–Ø —É–∑–Ω–∞–ª–∞ –æ –∫–æ–º–ø–∞–Ω–∏–∏ –≤ —Ç–æ—Ç –º–æ–º–µ–Ω—Ç, –∫–æ–≥–¥–∞ —è –µ—â–µ —É—á–∏–ª–∞—Å—å –≤ —É–Ω–∏–≤–µ—Ä—Å–∏—Ç–µ—Ç–µ –∏ –º–æ–π –Ω–∞—É—á–Ω—ã–π —Ä—É–∫–æ–≤–æ–¥–∏—Ç–µ–ª—å –ø—Ä–µ–¥–ª–æ–∂–∏–ª–∞ –º–Ω–µ –ø–æ—É—á–∞—Å—Ç–≤–æ–≤–∞—Ç—å –≤ –∫–æ–Ω–∫—É—Ä—Å–µ. –ê —è —Ö–æ—Ç–µ–ª–∞ —Ç–æ–≥–¥–∞ –ø–∏—Å–∞—Ç—å –¥–∏–ø–ª–æ–º —Å –ø—Ä–∏–≤—è–∑–∫–æ–π –∫ –∫–∞–∫–æ–π-–ª–∏–±–æ –∫–æ–º–ø–∞–Ω–∏–∏, —á—Ç–æ–±—ã –≤ –¥–∞–ª—å–Ω–µ–π—à–µ–º - —Å–æ—Ç—Ä—É–¥–Ω–∏—á–∞—Ç—å. –¢–æ –µ—Å—Ç—å —Ö–æ—Ç–µ–ª–æ—Å—å –ø–∞—Ä–∞–ª–ª–µ–ª—å–Ω–æ —Ä–∞–±–æ—Ç–∞—Ç—å —Å —Ç–µ–æ—Ä–∏–µ–π –∏ —Å–≤—è–∑–∞—Ç—å —Å –Ω–µ–π –ø—Ä–∞–∫—Ç–∏–∫—É. –ò —Ç–∞–∫ —Å–ª–æ–∂–∏–ª–æ—Å—å, —á—Ç–æ –º–æ–π –Ω–∞—É—á–Ω—ã–π —Ä—É–∫–æ–≤–æ–¥–∏—Ç–µ–ª—å —É–∑–Ω–∞–ª –æ –ö–æ–º–ø–∞–Ω–∏–∏ –≠–§–ö–û –∏ –ø—Ä–µ–¥–ª–æ–∂–∏–ª–∞ –º–Ω–µ –ø—Ä–∏–Ω—è—Ç—å —É—á–∞—Å—Ç–∏–µ –≤ –∫–æ–Ω–∫—É—Ä—Å–µ. –Ø —Ç–æ–≥–¥–∞ –Ω–µ –¥–æ–ª–≥–æ –¥—É–º–∞—è —Ä–µ—à–∏–ª–∞ –ø–æ—É—á–∞—Å—Ç–≤–æ–≤–∞—Ç—å –≤ –∞–Ω–∞–ª–∏—Ç–∏—á–µ—Å–∫–æ–º –∫–æ–Ω–∫—É—Ä—Å–µ. –¢–µ–º–∞ –Ω–∞–∑—ã–≤–∞–ª–∞—Å—å ""–∞–Ω–∞–ª–∏–∑ –ø–æ–∑–∏—Ç–∏–≤–Ω—ã–π –∏ –Ω–µ–≥–∞—Ç–∏–≤–Ω—ã—Ö —Å–≤–æ–π—Å—Ç–≤ —Ä–∞—Å—Ç–∏—Ç–µ–ª—å–Ω–æ–≥–æ –º—è—Å–∞"". –Ø –≤ —Ç—É —Å–µ–∫—É–Ω–¥—É —Ç–∞–∫ –∑–∞–∏–Ω—Ç–µ—Ä–µ—Å–æ–≤–∞–ª–∞—Å—å, —Ö–æ—Ç—è —è –Ω–µ –∏–∑—É—á–∞–ª–∞ —Ç–µ–º—É —Ä–∞—Å—Ç–∏—Ç–µ–ª—å–Ω–æ–≥–æ –º—è—Å–∞ –∏ –±–ª–∞–≥–æ–¥–∞—Ä—è —ç—Ç–æ–π —Ç–µ–º–µ –ø–æ–±–æ–ª—å—à–µ —É–∑–Ω–∞–ª–∞ –æ –∫–æ–º–ø–∞–Ω–∏–∏, –∑–∞–∏–Ω—Ç–µ—Ä–µ—Å–æ–≤–∞–ª–∞—Å—å –∏ —Ç–∞–∫ –ø–æ–ª—É—á–∏–ª–æ—Å—å, —á—Ç–æ —è –≤—ã–∏–≥—Ä–∞–ª–∞ –∫–æ–Ω–∫—É—Ä—Å –∏ –æ–∫–∞–∑–∞–ª–∞—Å—å –∑–¥–µ—Å—å - –≤ –≠–§–ö–û. –í–∏–¥–∏–º–æ, —ç—Ç–æ —Å—É–¥—å–±–∞ üòÅ""

***–í: ""–ö–∞–∫–∞—è —É —Ç–µ–±—è —Å—Ñ–µ—Ä–∞ –¥–µ—è—Ç–µ–ª—å–Ω–æ—Å—Ç–∏. –ò —á–µ–º –∑–∞–Ω–∏–º–∞–µ—à—å—Å—è?""***

–ï: ""–°–µ–π—á–∞—Å —è –∑–∞–Ω–∏–º–∞—é—Å—å –∞–Ω–∞–ª–∏—Ç–∏–∫–æ–π –≤ –æ–±–ª–∞—Å—Ç–∏ –¥—Ä–æ–Ω–æ–≤. –Ø –æ—Ü–µ–Ω–∏–≤–∞—é –∏–Ω–≤–µ—Å—Ç–∏—Ü–∏–æ–Ω–Ω—É—é –ø—Ä–∏–≤–ª–µ–∫–∞—Ç–µ–ª—å–Ω–æ—Å—Ç—å —Å—Ç–∞—Ä—Ç–∞–ø–æ–≤, –∫–æ—Ç–æ—Ä—ã–µ –∑–∞–Ω–∏–º–∞—é—Ç—Å—è –±–µ—Å–ø–∏–ª–æ—Ç–Ω—ã–º–∏ –∞–≤–∏–∞—Ü–∏–æ–Ω–Ω—ã–º–∏ —Å–∏—Å—Ç–µ–º–∞–º–∏, –∏ –≤—ã—Å—Ç—É–ø–∞—é –≤ —Ä–æ–ª–∏ –Ω–µ–∫–æ–≥–æ —ç–∫—Å–ø–µ—Ä—Ç–∞, —Ö–æ—Ç—è —ç—Ç–æ –≥—Ä–æ–º–∫–æ –∑–≤—É—á–∏—Ç, –Ω–æ —ç—Ç–æ —É–∂–µ –∫–∞–∫–∞—è-—Ç–æ –æ–ø—Ä–µ–¥–µ–ª–µ–Ω–Ω–∞—è –æ—Ç–≤–µ—Ç—Å—Ç–≤–µ–Ω–Ω–æ—Å—Ç—å –ø–æ—Å–∫–æ–ª—å–∫—É —Ç—ã —Å—Ä–µ–¥–∏ –º–Ω–æ–∂–µ—Å—Ç–≤–æ —Å—Ç–∞—Ä—Ç–∞–ø–æ–≤ –æ—Ç–±–∏—Ä–∞–µ—à—å —Ç–æ—Ç –∫–æ—Ç–æ—Ä—ã–π –±—É–¥–µ—Ç –Ω–∞–∏–±–æ–ª–µ–µ –ø—Ä–∏–≤–ª–µ–∫–∞—Ç–µ–ª–µ–Ω –ø–æ –Ω–µ—Å–∫–æ–ª—å–∫–∏–º –ø–∞—Ä–∞–º–µ—Ç—Ä–∞–º –∏ –ø–æ—Ç–æ–º —ç—Ç–æ –≤—Å–µ –æ—Ç–±–∏—Ä–∞–µ—Ç—Å—è –≤ –∑–∞–≤–∏—Å–∏–º–æ—Å—Ç–∏ –æ—Ç —Ç–≤–æ–µ–π –æ—Ü–µ–Ω–∫–∏. –≠—Ç–æ –∏–Ω—Ç–µ—Ä–µ—Å–Ω–æ, –æ—Ç–≤–µ—Ç—Å—Ç–≤–µ–Ω–Ω–æ –∏ —è –¥–∞–∂–µ –∏ –Ω–µ –¥—É–º–∞–ª–∞, —á—Ç–æ –∫–æ–≥–¥–∞-–Ω–∏–±—É–¥—å –±—É–¥—É –∑–∞–Ω–∏–º–∞—Ç—å—Å—è –∞–Ω–∞–ª–∏—Ç–∏–∫–æ–π –ø–æ –¥—Ä–æ–Ω–∞–º, –∞ —Ç—É—Ç –≤–æ—Ç —Ç–∞–∫ –≤–æ—Ç –≤—Å–µ —Å–ª–æ–∂–∏–ª–æ—Å—å. –£–∑–Ω–∞–µ—à—å –º–Ω–æ–≥–æ –∏–Ω—Ç–µ—Ä–µ—Å–Ω–æ–≥–æ –≤ –∫–æ—Ä–æ—Ç–∫–∏–µ —Å—Ä–æ–∫–∏. –ù–∏–≥–¥–µ —Ç–∞–∫–æ–≥–æ –æ–ø—ã—Ç–∞ –Ω–µ –ø–æ–ª—É—á–∏—à—å, –∫—Ä–æ–º–µ –∫–∞–∫ –∑–¥–µ—Å—å.""

***–í: ""–ö–æ–≥–¥–∞ —Ç—ã —Ä–µ—à–∏–ª–∞—Å—å –ø—Ä–∏–µ—Ö–∞—Ç—å —Å—é–¥–∞, —É —Ç–µ–±—è –±—ã–ª–∏ –∫–∞–∫–∏–µ-–Ω–∏–±—É–¥—å –æ–∂–∏–¥–∞–Ω–∏—è –æ—Ç –¥–∞–Ω–Ω–æ–≥–æ –º–µ—Å—Ç–∞ –∏ —Å—Ñ–µ—Ä—ã —Ç–≤–æ–µ–π –¥–µ—è—Ç–µ–ª—å–Ω–æ—Å—Ç–∏?""***

–ï: ""–ù–∞—á–Ω—É —Å —Ç–æ–≥–æ, —á—Ç–æ —è —Å—é–¥–∞ –ø—Ä–∏—à–ª–∞ –∏–∑–Ω–∞—á–∞–ª—å–Ω–æ –Ω–µ –∞–Ω–∞–ª–∏—Ç–∏–∫–æ–º, –∞ –º–µ–Ω—è –≤–∑—è–ª–∏ –º–∞—Ä–∫–µ—Ç–æ–ª–æ–≥–æ–º. –Ø –¥—É–º–∞–ª–∞, —á—Ç–æ —è –±—É–¥—É –∑–∞–Ω–∏–º–∞—Ç—å—Å—è –∞–Ω–∞–ª–∏–∑–æ–º —Ü–µ–ª–µ–≤—ã—Ö –∞—É–¥–∏—Ç–æ—Ä–∏–π, –∞–Ω–∞–ª–∏–∑–æ–º —Ä—ã–Ω–∫–∞, –ø–æ—Ç–æ–º—É —á—Ç–æ –ø–æ –æ–±—Ä–∞–∑–æ–≤–∞–Ω–∏—é —è —Å–æ—Ü–∏–æ–ª–æ–≥, –∏ –¥—É–º–∞–ª–∞ —á—Ç–æ –±–æ–ª—å—à–µ —Å –ª—é–¥—å–º–∏ –±—É–¥—É –∏–º–µ—Ç—å —Å–≤—è–∑—å. –¢–æ –µ—Å—Ç—å —Å–º–æ—Ç—Ä–µ—Ç—å –ø—Ä–µ–¥–ø–æ—á—Ç–µ–Ω–∏—è –ª—é–¥–µ–π, –æ–±—â–∞—Ç—å—Å—è —Å –Ω–∏–º–∏, –Ω–æ –∫–∞–∫-—Ç–æ —Å—É–¥—å–±–∞ –∑–∞–Ω–µ—Å–ª–∞ –º–µ–Ω—è –≤ –∞–Ω–∞–ª–∏—Ç–∏–∫—É –∏ —è –æ–∫–∞–∑–∞–ª–∞—Å—å –≤ –∞–Ω–∞–ª–∏—Ç–∏—á–µ—Å–∫–æ–º –æ—Ç–¥–µ–ª–µ, –∏ –∏–º–µ—é –¥–µ–ª–æ –Ω–µ —Å –ª—é–¥—å–º–∏, –∞ –∏–Ω–Ω–æ–≤–∞—Ü–∏–æ–Ω–Ω—ã–º–∏ –ø—Ä–æ–µ–∫—Ç–∞–º–∏. –ö—Ç–æ-—Ç–æ –∑–∞–Ω–∏–º–∞–µ—Ç—Å—è —Ç–æ–ø–ª–∏–≤–Ω—ã–º–∏ —ç–ª–µ–º–µ–Ω—Ç–∞–º–∏, –∫—Ç–æ-—Ç–æ —Ñ—É–¥.—Ç–µ—Ö–æ–º, —Ö–æ—Ç—è –∫–∞–∫–æ–µ-—Ç–æ –≤—Ä–µ–º—è —è —Ç–æ–∂–µ –∑–∞–Ω–∏–º–∞–ª–∞—Å—å —Ñ—É–¥.—Ç–µ—Ö–æ–º –∏ –±—ã–ª–æ –æ—á–µ–Ω—å –∏–Ω—Ç–µ—Ä–µ—Å–Ω–æ, –Ω–æ –∏–Ω–Ω–æ–≤–∞—Ü–∏–∏ –≤ —Å–æ–≤–æ–∫—É–ø–Ω–æ—Å—Ç–∏ –¥–æ—Å—Ç–∞—Ç–æ—á–Ω–æ —Å–ª–æ–∂–Ω–æ, –∏ –≤ –∫–∞–∫–æ–π-—Ç–æ –ø—Ä–æ–µ–∫—Ç –Ω—É–∂–Ω–æ —Å–Ω–∞—á–∞–ª–∞ —É–≥–ª—É–±–∏—Ç—å—Å—è, —á—Ç–æ–±—ã –ø–æ–Ω—è—Ç—å –Ω–∞ —Å–∫–æ–ª—å–∫–æ –æ–Ω –ø—Ä–∏–≤–ª–µ–∫–∞—Ç–µ–ª–µ–Ω, –µ—Å—Ç—å –ª–∏ —Å–º—ã—Å–ª –≤–Ω–µ–¥—Ä–∏—Ç—å –µ–≥–æ –≤ –∫–æ–º–ø–∞–Ω–∏—é, –∞ –Ω–µ —á—Ç–æ –±—ã —ç—Ç–æ –±—ã–ª–æ –Ω–∞ —É—Ä–æ–≤–Ω–µ –∏–¥–µ–∏. –¢–æ –µ—Å—Ç—å —è –≤ –ø—Ä–∏–Ω—Ü–∏–ø–µ –Ω–µ –ø—Ä–µ–¥—Å—Ç–∞–≤–ª—è–ª–∞, —á—Ç–æ –ø—Ä–∏–¥–µ—Ç—Å—è —Ä–∞–±–æ—Ç–∞—Ç—å —Å –¥—Ä–æ–Ω–∞–º–∏, –¥—É–º–∞–ª–∞ –ø—Ä–∏–¥–µ—Ç—Å—è –∏–∑—É—á–∞—Ç—å —Ç–µ—Ö–Ω–∏—á–µ—Å–∫–∏–µ —Ö–∞—Ä–∞–∫—Ç–µ—Ä–∏—Å—Ç–∏–∫–∏ –ª–µ—Ç–∞—Ç–µ–ª—å–Ω—ã—Ö –∞–ø–ø–∞—Ä–∞—Ç–∞—Ö. –ò —è —Ç–∞–∫ –∂–µ –Ω–∏–∫–æ–≥–¥–∞ –Ω–µ –∏–º–µ–ª–∞ –¥–µ–ª–∞ —Å –∏–Ω–≤–µ—Å—Ç–∏—Ü–∏—è–º–∏, –Ω–µ –æ—Ü–µ–Ω–∏–≤–∞–ª–∞ –∏–Ω–≤–µ—Å—Ç–∏—Ü–∏–æ–Ω–Ω—É—é –ø—Ä–∏–≤–ª–µ–∫–∞—Ç–µ–ª—å–Ω–æ—Å—Ç—å, –∏ –Ω–µ —Ä–∞—Å—Å–º–∞—Ç—Ä–∏–≤–∞–ª–∞ –∫–æ–Ω–∫—Ä–µ—Ç–Ω—ã–µ –∏–¥–µ–∏ –≤ –æ–±–ª–∞—Å—Ç–∏ –¥—Ä–æ–Ω–æ–≤. –ê —Ç—É—Ç –ø–æ–ª—É—á–∏–ª–æ—Å—å —Ç–∞–∫, —á—Ç–æ –ø—Ä–∏—Ö–æ–¥–∏—Ç—Å—è –±—ã—Å—Ç—Ä–æ –≤–æ –≤—Å–µ–º —ç—Ç–æ–º —Ä–∞–∑–±–∏—Ä–∞—Ç—å—Å—è, –ø–æ–Ω–∏–º–∞—Ç—å –æ —á–µ–º –∏–¥–µ—Ç —Ä–µ—á—å –∏ –∫–∞–∫ —ç—Ç–æ –º–æ–∂–Ω–æ –≤–æ–ø–ª–æ—Ç–∏—Ç—å –≤ –∫–æ–º–ø–∞–Ω–∏—é.""

 ***–í: ""–û–ø—Ä–∞–≤–¥–∞–ª–∏—Å—å –ª–∏ —Ç–≤–æ–∏ –æ–∂–∏–¥–∞–Ω–∏—è –æ—Ç —Ä–∞–±–æ—Ç—ã? –î–∞–∂–µ –Ω–µ —Å–º–æ—Ç—Ä—è –Ω–∞ —Ç–æ, —á—Ç–æ —Ç—ã —Ä–∞–±–æ—Ç–∞–µ—à—å –Ω–µ–º–Ω–æ–≥–æ –≤ –¥—Ä—É–≥–æ–º –Ω–∞–ø—Ä–∞–≤–ª–µ–Ω–∏–∏. –ú–æ–∂–µ—Ç –¥—É–º–∞–ª–∞, —á—Ç–æ –ø—Ä–∏–µ–¥–µ—à—å, –∞ —Ç—É—Ç —Å–∫—É—á–Ω–æ, –∏–ª–∏ –Ω–∞–æ–±–æ—Ä–æ—Ç, –≤—Å–µ –Ω—Ä–∞–≤–∏—Ç—Å—è.""***

–ï: ""–í–æ–æ–±—â–µ –º–Ω–µ –Ω–∏ –∫–∞–ø–µ–ª—å–∫–∏ –Ω–µ —Å–∫—É—á–Ω–æ, —Ö–æ—Ç—è –¥–∞, –±—ã–ª–∏ –º—ã—Å–ª–∏ –æ —Ç–æ–º, —á—Ç–æ –∞–Ω–∞–ª–∏—Ç–∏–∫–∞ - —ç—Ç–æ —Å–∫—É—á–Ω–æ. –Ø –∫–æ–≥–¥–∞ —Ä–∞–±–æ—Ç–∞–ª–∞ –Ω–∞ –ø–æ–∑–∏—Ü–∏–∏ –º–∞—Ä–∫–µ—Ç–æ–ª–æ–≥–∞, —Ç–æ —Å–ª—ã—à–∞–ª–∞ –æ—Ç –¥—Ä—É–≥–∏—Ö, —á—Ç–æ –∞–Ω–∞–ª–∏—Ç–∏–∫–∞ –º–æ–∂–µ—Ç –ø–æ–∫–∞–∑–∞—Ç—å—Å—è —Å–∫—É—á–Ω–æ–π, –ø–æ—Ç–æ–º—É —á—Ç–æ –Ω—É–∂–Ω–æ –ø–æ—Å—Ç–æ—è–Ω–Ω–æ –∏–∑—É—á–∞—Ç—å, —á—Ç–æ-—Ç–æ —á–∏—Ç–∞—Ç—å. –•–æ—Ç—è —è —Å–∞–º–∞ –ª—é–±–æ–∑–Ω–∞—Ç–µ–ª—å–Ω–∞—è. –ù–æ —Ç–∞–∫ –ø–æ–ª—É—á–∏–ª–æ—Å—å, —á—Ç–æ —è —Ä–µ–∑–∫–æ –ø–µ—Ä–µ–∫–ª—é—á–∏–ª–∞—Å—å –Ω–∞ –¥—Ä–æ–Ω—ã –∏ –¥–ª—è –º–µ–Ω—è —ç—Ç–æ –ø–æ–∫–∞–∑–∞–ª–æ—Å—å –æ—á–µ–Ω—å –∏–Ω—Ç–µ—Ä–µ—Å–Ω—ã–º, –ø–æ—Å–∫–æ–ª—å–∫—É —Ç–æ, —á—Ç–æ –º–Ω–µ –∫–∞–∂–µ—Ç—Å—è —Å–æ–≤—Å–µ–º –Ω–µ–∑–Ω–∞–∫–æ–º—ã–º, –¥–ª—è –º–µ–Ω—è –ø–æ—è–≤–ª—è–µ—Ç—Å—è –∫–∞–∫–∞—è-—Ç–æ —Ü–µ–ª—å –∏–∑—É—á–∏—Ç—å —ç—Ç–æ —Ç–∞–∫, —á—Ç–æ–±—ã –¥–∞–Ω–Ω–æ–µ –∑–∞–Ω—è—Ç–∏–µ —Å—Ç–∞–ª–æ –º–Ω–µ –±–ª–∏–∑–∫–æ –ø–æ –¥—É—Ö—É –∏ —è –º–æ–≥–ª–∞ –¥–∞–ª—å—à–µ –≤ —ç—Ç–æ–º –Ω–∞–ø—Ä–∞–≤–ª–µ–Ω–∏–∏ —Ä–∞–∑–≤–∏–≤–∞—Ç—å—Å—è. –ò –≤ —Å–∏–ª—É —Ç–æ–≥–æ, —á—Ç–æ —è –æ—á–µ–Ω—å —Å–∫—Ä—É–ø—É–ª–µ–∑–Ω–∞—è –∏ —Ç—â–∞—Ç–µ–ª—å–Ω–∞—è, —Ç–æ —è –¥–æ–ª–≥–æ–µ –≤—Ä–µ–º—è –ø—ã—Ç–∞–ª–∞—Å—å —Å–∞–º–∞ –ø–æ–≥—Ä—É–∑–∏—Ç—å—Å—è –≤ —ç—Ç—É —Ç–µ–º—É, –∏ –Ω–µ —Å–∫–∞–∑–∞—Ç—å, —á—Ç–æ —Å–µ–π—á–∞—Å –≤ –¥–æ–ª–∂–Ω–æ–π –º–µ—Ä–µ –º–æ–≥—É –ø–æ–ª–Ω–æ—Å—Ç—å—é –±—ã—Ç—å —É–≤–µ—Ä–µ–Ω–Ω–æ–π, —á—Ç–æ —è —Ä–∞–∑–±–∏—Ä–∞—é—Å—å –≤ –¥—Ä–æ–Ω–∞—Ö, —Å–æ–≤—Å–µ–º –Ω–µ—Ç üòÑ, –¥–∞–Ω–Ω–∞—è —Ç–µ–º–∞ –æ—á–µ–Ω—å –Ω–µ–æ–±—ä—è—Ç–Ω–∞—è –¥–ª—è –º–µ–Ω—è, –Ω–æ –∏–Ω—Ç–µ—Ä–µ—Å–Ω–æ –ø–æ—Å—Ç–æ—è–Ω–Ω–æ –∏–∑—É—á–∞—Ç—å —á—Ç–æ-—Ç–æ –Ω–æ–≤–æ–µ. –ù–∞–ø—Ä–∏–º–µ—Ä –≤ –Ω–æ–≤–æ—Å—Ç—è—Ö –∏–∑—É—á–∞–µ—à—å, –∫–∞–∂–¥—É—é –Ω–µ–¥–µ–ª—é –æ—Ñ–æ—Ä–º–ª—è–µ—à—å –¥–∞–π–¥–∂–µ—Å—Ç - –∏ –æ—Ç–∫—Ä—ã–≤–∞–µ—à—å —á—Ç–æ-—Ç–æ –Ω–æ–≤–æ–µ –¥–ª—è —Å–µ–±—è. –û—á–µ–Ω—å –∏–Ω—Ç–µ—Ä–µ—Å–Ω–æ –æ—Å–æ–∑–Ω–∞–≤–∞—Ç—å, —á—Ç–æ —Ç—ã —è–≤–ª—è–µ—à—å—Å—è —á–∞—Å—Ç—å—é —á–µ–≥–æ-—Ç–æ –±–æ–ª—å—à–µ–≥–æ, —á—Ç–æ –ø–æ–∫–∞ –µ—â–µ –Ω–µ –ø–æ–ª–Ω–æ—Å—Ç—å—é —Ä–µ–∞–ª–∏–∑–æ–≤–∞–Ω–æ.""

***–í: ""–û—Ç–ª–∏—á–Ω–æ! –ê —á—Ç–æ —Ç–µ–±–µ –±–æ–ª—å—à–µ –≤—Å–µ–≥–æ –Ω—Ä–∞–≤–∏—Ç—Å—è –≤ —Ç–≤–æ–µ–π —Ä–∞–±–æ—Ç–µ?""***

–ï: ""–ù–∞–≤–µ—Ä–Ω–æ–µ, —É–∑–Ω–∞–≤–∞—Ç—å —á—Ç–æ-—Ç–æ –Ω–æ–≤–æ–µ –∏ —É –º–µ–Ω—è, –Ω–∞–ø—Ä–∏–º–µ—Ä, —Ä–∞–Ω—å—à–µ –Ω–µ –±—ã–ª–æ —Ç–∞–∫–æ–π —Å–ø–æ—Å–æ–±–Ω–æ—Å—Ç–∏ - –ø–µ—Ä–µ–∫–ª—é—á–∞—Ç—å—Å—è –∏–∑ –æ–¥–Ω–æ–π —Å—Ñ–µ—Ä—ã –¥–µ—è—Ç–µ–ª—å–Ω–æ—Å—Ç–∏ –≤ –¥—Ä—É–≥—É—é, —è –¥–∞–∂–µ –∫–∞–∫-—Ç–æ —Ä–∞–Ω—å—à–µ —Å–æ–ø—Ä–æ—Ç–∏–≤–ª—è–ª–∞—Å—å, –∞ —Å–µ–π—á–∞—Å —ç—Ç–æ –æ—á–µ–Ω—å –¥–ª—è –º–µ–Ω—è —Ü–µ–Ω–Ω–æ, –∫–æ–≥–¥–∞ —è –º–æ–≥—É –∏–∑ –æ–¥–Ω–æ–≥–æ –Ω–∞–ø—Ä–∞–≤–ª–µ–Ω–∏—è –ø–µ—Ä–µ—Å–∫–æ—á–∏—Ç—å –≤ –¥—Ä—É–≥–æ–µ,  –∏ –ø—Ä–∏ —ç—Ç–æ–º —á—Ç–æ-—Ç–æ –Ω–æ–≤–æ–µ –¥–ª—è —Å–µ–±—è –∏–∑—É—á–∏—Ç—å. –ü–ª—é—Å —è —Ä–∞–∑–≤–∏–≤–∞—é—Å—å, —Å—Ç–∞–Ω–æ–≤–ª—é—Å—å —Ä–∞–∑–Ω–æ—Å—Ç–æ—Ä–æ–Ω–Ω–∏–º —á–µ–ª–æ–≤–µ–∫–æ–º –∏ –º–æ–≥—É –ø—Ä–∏–Ω–µ—Å—Ç–∏ –ø–æ–ª—å–∑—É –∫–æ–º–ø–∞–Ω–∏–∏.""

***–í: ""–ß–µ–º—É —Ç—ã –Ω–∞—É—á–∏–ª–∞—Å—å –Ω–∞ —Ä–∞–±–æ—Ç–µ –∏ –ø–æ–ª—å–∑—É–µ—à—å—Å—è –ª–∏ —ç—Ç–∏–º–∏ –∑–Ω–∞–Ω–∏—è–º–∏/—É–º–µ–Ω–∏—è–º–∏ –≤ –ø–æ–≤—Å–µ–¥–Ω–µ–≤–Ω–æ–π –∂–∏–∑–Ω–∏?""***

–ï: ""–ü–æ —Å–≤–æ–µ–π –ø—Ä–∏—Ä–æ–¥–µ —è —á–µ–ª–æ–≤–µ–∫ –æ—á–µ–Ω—å –º–µ–¥–ª–∏—Ç–µ–ª—å–Ω—ã–π –∏ —Ç–∞–∫–∞—è —Å–ø–µ—Ü–∏—Ñ–∏–∫–∞ –¥–µ—è—Ç–µ–ª—å–Ω–æ—Å—Ç–∏, –∞ –µ—â–µ –∫–æ–≥–¥–∞ –≤–Ω–µ–¥—Ä–∏–ª–∏ –ö–ü–ì, —Ä–∞–∑–ª–∏—á–Ω—ã–µ –∑–∞–¥–∞—á–∏, —Ç–æ –ø—Ä–∏—Ö–æ–¥–∏—Ç—Å—è —Ä–∞–±–æ—Ç–∞—Ç—å —à—É—Å—Ç—Ä–µ–µ. –ò –ø–ª—é—Å –∫–æ –≤—Å–µ–º—É –±–∞–≥–∞–∂ –∑–Ω–∞–Ω–∏–π, –∫–æ—Ç–æ—Ä—ã–π —è —Ç—É—Ç –ø–æ–ª—É—á–∞—é, –æ–Ω –∫–æ–ø–∏—Ç—Å—è –±–ª–∞–≥–æ–¥–∞—Ä—è —Ä–∞–∑–ª–∏—á–Ω—ã–º –ª–µ–∫—Ü–∏—è–º, —Å—Ç–æ—Ä–æ–Ω–Ω–∏–º –∑–Ω–∞–Ω–∏—è–º –ø–æ –∫–∞–∫–∏–º-—Ç–æ –Ω–∞–ø—Ä–∞–≤–ª–µ–Ω–∏—è–º. –Ø —Å—Ç–∞–ª–∞ —à—É—Å—Ç—Ä–µ–µ, –∑–∞–∏–Ω—Ç–µ—Ä–µ—Å–æ–≤–∞–Ω–Ω–µ–µ, –±–æ–ª–µ–µ —Ä–∞–∑–Ω–æ—Å—Ç–æ—Ä–æ–Ω–Ω–µ–µ.""

***–í: ""–û—á–µ–Ω—å –ø–æ–ª–µ–∑–Ω—ã–µ —É–º–µ–Ω–∏—è, –Ω–∞–¥–æ –±—ã —Ç–æ–∂–µ –ø–æ—É—á–∏—Ç—å—Å—è ***üòÜ. ***–ù—É –∏ –ø–æ—Å–ª–µ–¥–Ω–∏–π –≤–æ–ø—Ä–æ—Å: –ö–∞–∫–∏–µ —É —Ç–µ–±—è –¥–∞–ª—å–Ω–µ–π—à–∏–µ –ø–ª–∞–Ω—ã?""***

–ï: ""–Ø –¥—É–º–∞—é, —á—Ç–æ –∞–Ω–∞–ª–∏—Ç–∏–∫–∞ —ç—Ç–æ —Ç–æ–ª—å–∫–æ –Ω–∞—á–∞–ª–æ, –Ω–æ —è –±—ã —Ö–æ—Ç–µ–ª–∞ —Ä–µ–∞–ª–∏–∑–æ–≤–∞—Ç—å —Å–µ–±—è –≤ –∏–Ω–æ–π —Å—Ñ–µ—Ä–µ, –≤—Å–µ –∂–µ –ø–æ –æ–±—Ä–∞–∑–æ–≤–∞–Ω–∏—é —è –±–æ–ª—å—à–µ —Å–æ—Ü–∏–æ–ª–æ–≥, –∏ –º–Ω–µ –±—ã —Ö–æ—Ç–µ–ª–æ—Å—å –±–æ–ª—å—à–µ –ø–æ–Ω–∏–º–∞—Ç—å –ø–æ—Ç—Ä–µ–±–Ω–æ—Å—Ç–∏ –ª—é–¥–µ–π, —É–≥–ª—É–±–ª—è—Ç—å—Å—è –≤ –∏—Ö —Ü–µ–Ω–Ω–æ—Å—Ç–Ω—ã–µ –æ—Ä–∏–µ–Ω—Ç–∞—Ü–∏–∏, –≤–æ—Ç —á—Ç–æ-—Ç–æ —Ç–∞–∫–æ–µ. –Ø —Å–µ–π—á–∞—Å –±–æ–ª—å—à–µ –æ–±–µ–∑–ª–∏—á–µ–Ω–Ω–æ–π —Å—Ñ–µ—Ä–æ–π –∑–∞–Ω–∏–º–∞—é—Å—å, —Ç–æ –µ—Å—Ç—å –Ω–µ—Ç –ø–ª–æ—Ç–Ω–æ–≥–æ –æ–±—â–µ–Ω–∏—è —Å –ª—é–¥—å–º–∏, –∞ –ª–∏—à—å —Å—Ç–∞—Ä–ø–∞—Ç—ã. –ê —Ö–æ—Ç–µ–ª–æ—Å—å –±—ã –ø–æ–ø—Ä–æ–±–æ–≤–∞—Ç—å —Å–µ–±—è –≤ —á–µ–º-—Ç–æ –¥—Ä—É–≥–æ–º –µ—â–µ, —Ç–æ –µ—Å—Ç—å –∞–Ω–∞–ª–∏—Ç–∏–∫–∞ - —ç—Ç–æ –∏–Ω—Ç–µ—Ä–µ—Å–Ω–æ, –Ω–æ —ç—Ç–æ –Ω–µ —Å–æ–≤—Å–µ–º —Ç–æ, —á—Ç–æ –º–Ω–µ –±—ã–ª–æ –±—ã –ø–æ –¥—É—à–µ, —Ö–æ—Ç—è —ç—Ç–æ –º–Ω–µ –Ω—Ä–∞–≤–∏—Ç—Å—è. –ò –ø–æ—Å–∫–æ–ª—å–∫—É —è –µ—â–µ –º–æ–ª–æ–¥–æ–π —Å–ø–µ—Ü–∏–∞–ª–∏—Å—Ç, –º–Ω–µ –±—ã —Ö–æ—Ç–µ–ª–æ—Å—å –ø–æ–ø—Ä–æ–±–æ–≤–∞—Ç—å —Å–µ–±—è –≤ —Ä–∞–∑–Ω—ã—Ö —Å—Ñ–µ—Ä–∞—Ö, –∏ –≥–¥–µ —è –ø—Ä–∏–Ω–µ—Å—É –±–æ–ª—å—à–µ –ø–æ–ª—å–∑—ã, —Ç–∞–º –∏ —Ö–æ—Ç–µ–ª–æ—Å—å –±—ã —Å–µ–±—è —Ä–µ–∞–ª–∏–∑–æ–≤–∞—Ç—å. –î–∞ –∏ ""—Ö–æ—Ç–µ–ª–∫–∏"" –±—ã –±—ã–ª–æ –±—ã –∑–¥–æ—Ä–æ–≤–æ –≤–Ω–µ—Å—Ç–∏ –≤ —Å–≤–æ—é —Å—Ñ–µ—Ä—É –¥–µ—è—Ç–µ–ª—å–Ω–æ—Å—Ç–∏, –ø–æ–∫—Ä–µ–∞—Ç–∏–≤–∏—Ç—å, –≤ –æ–±—â–µ–º üòÑ, –≤–æ–∑–º–æ–∂–Ω–æ —Å –ª—é–¥—å–º–∏ –±–æ–ª—å—à–µ —Ä–∞–±–æ—Ç–∞—Ç—å.""","–†–µ–∫—Ä—É—Ç–∏–Ω–≥ (""–ü–µ—Ä–≤–æ–µ –∑–Ω–∞–∫–æ–º—Å—Ç–≤–æ"")"
10. –ü–†–û–ì–†–ê–ú–ú–´ –†–ê–ó–í–ò–¢–ò–Ø –ò –ê–¢–¢–ï–°–¢–ê–¶–ò–Ø,9,"–ò–¥–µ–∏ –ø—Ä–æ —Ä–∞–∑–≤–∏—Ç–∏–µ –ø–µ—Ä—Å–æ–Ω–∞–ª–∞, –Ω–æ–≤–æ—Å—Ç–∏ –∞—Ç—Ç–µ—Å—Ç–∞—Ü–∏–∏","#–£–ú–ï–ô–î–£–ú–ê–¢–¨: –î–æ–±—Ä–æ–≥–æ –≤–µ—á–µ—Ä–∞ –≤—Å–µ–º —É—á–∞—Å—Ç–Ω–∏–∫–∞–º. –ù–µ–¥–∞–≤–Ω–æ –±–æ–ª—å—à–∏–Ω—Å—Ç–≤–æ –∏–∑ –≤–∞—Å –æ–∑–Ω–∞–∫–æ–º–∏–ª–æ—Å—å —Å –ª–µ–∫—Ü–∏–µ–π –î—É–≥–∏–Ω–∞ –∏–∑ –∫—É—Ä—Å–∞ –°—Ç—Ä—É–∫—Ç—É—Ä–Ω–æ–π —Å–æ—Ü–∏–æ–ª–æ–≥–∏–∏, –≥–¥–µ –¥–æ—Å—Ç—É–ø–Ω–æ —Ä–∞—Å—Å–∫–∞–∑—ã–≤–∞–µ—Ç—Å—è –æ–± –æ–±—â–µ—Å—Ç–≤–∞—Ö –ø—Ä–µ–¥–º–æ–¥–µ—Ä–Ω–∞, –º–æ–¥–µ—Ä–Ω–∞ –∏ –ø–æ—Å—Ç–º–æ–¥–µ—Ä–Ω–∞. –ù–∞–ø–∏—à–∏—Ç–µ –ø–æ–∂–∞–ª—É–π—Å—Ç–∞, —á—Ç–æ –≤–∞–º –±–æ–ª—å—à–µ –≤—Å–µ–≥–æ –≤–ø–µ—á–∞—Ç–∞–ª–æ—Å—å –≤ –ø–∞–º—è—Ç—å –∏–∑ —ç—Ç–æ–π –ª–µ–∫—Ü–∏–∏

–î–ª—è —Ç–µ—Ö –∫—Ç–æ –Ω–µ —Å–º–æ—Ç—Ä–µ–ª, –ø—Ä–∏–∫–ª–∞–¥—ã–≤–∞—é —Å—Å—ã–ª–∫—É –Ω–∞ –ª–µ–∫—Ü–∏—é:

https://www.youtube.com/watch?v=3ZCoYSAediE&list=PLpJKCcJmzXQWYZ7xAEF7_TShDmUCWNO_n&index=11",10. –ü–†–û–ì–†–ê–ú–ú–´ –†–ê–ó–í–ò–¢–ò–Ø –ò –ê–¢–¢–ï–°–¢–ê–¶–ò–Ø
1. –ü–ï–†–í–û–ï –ó–ù–ê–ö–û–ú–°–¢–í–û,7,,"*¬´–†–∞–±–æ—Ç–∞ –≤ –ë—Ä–µ–Ω–¥–æ–≤–æ–º —É–ø—Ä–∞–≤–ª–µ–Ω–∏–∏ –ø—Ä–µ–¥–ø–æ–ª–∞–≥–∞–µ—Ç –Ω–∞–ª–∏—á–∏–µ —à–∏—Ä–æ–∫–æ–≥–æ –∫—Ä—É–≥–æ–∑–æ—Ä–∞ –∏ –Ω–∞–ª–∏—á–∏–µ —Å–æ–±—Å—Ç–≤–µ–Ω–Ω–æ–≥–æ –º–Ω–µ–Ω–∏—è –≤ –æ—Ç–Ω–æ—à–µ–Ω–∏–∏ –∑–∞—Ä–æ–∂–¥–∞—é—â–∏—Ö—Å—è —Ç–µ–Ω–¥–µ–Ω—Ü–∏–π –∏ —Å—Ñ–æ—Ä–º–∏—Ä–æ–≤–∞–Ω–Ω—ã—Ö —Ç—Ä–µ–Ω–¥–æ–≤ –≤ –º–∏—Ä–µ –¥–∏–∑–∞–π–Ω–∞, —Ä–µ–∫–ª–∞–º—ã, –∏–Ω–Ω–æ–≤–∞—Ü–∏–π –∏ –ø–æ—Ç—Ä–µ–±–∏—Ç–µ–ª—å—Å–∫–æ–≥–æ –ø–æ–≤–µ–¥–µ–Ω–∏—è. –° —Ü–µ–ª—å—é —Ñ–æ—Ä–º–∏—Ä–æ–≤–∞–Ω–∏—è —Å–æ–±—Å—Ç–≤–µ–Ω–Ω–æ–≥–æ –º–∏—Ä–æ–æ—â—É—â–µ–Ω–∏—è, —Å–æ—Ç—Ä—É–¥–Ω–∏–∫–∏ –ë—Ä–µ–Ω–¥–æ–≤–æ–≥–æ —É–ø—Ä–∞–≤–ª–µ–Ω–∏—è —Ä–µ–≥—É–ª—è—Ä–Ω–æ –æ—Ç–ø—Ä–∞–≤–ª—è—é—Ç—Å—è –≤ –∑–∞–≥—Ä–∞–Ω–∏—á–Ω—ã–µ –∫–æ–º–∞–Ω–¥–∏—Ä–æ–≤–∫–∏ –¥–ª—è –ø–æ—Å–µ—â–µ–Ω–∏—è –º–µ–∂–¥—É–Ω–∞—Ä–æ–¥–Ω—ã—Ö –≤—ã—Å—Ç–∞–≤–æ–∫ –∏ –∫–æ–Ω—Ñ–µ—Ä–µ–Ω—Ü–∏–π, –ø—Ä–æ–≤–µ–¥–µ–Ω–∏—è –º–∞—Ä–∫–µ—Ç–∏–Ω–≥–æ–≤—ã—Ö –∏—Å—Å–ª–µ–¥–æ–≤–∞–Ω–∏–π. –î–∞ –∏ –ø—Ä–æ—Å—Ç–æ, —á—Ç–æ–±—ã –≤–¥–æ—Ö–Ω–æ–≤–∏—Ç—å—Å—è –∏ –Ω–∞–ø–æ–ª–Ω–∏—Ç—å –≥–æ–ª–æ–≤—É –∏–¥–µ—è–º–∏.*

*–ü–æ —Ä–µ–∑—É–ª—å—Ç–∞—Ç–∞–º –ø–æ–µ–∑–¥–æ–∫ —Ä–µ–±—è—Ç–∞ –≥–æ—Ç–æ–≤—è—Ç –¥–≤–∞ –æ—Ç—á–µ—Ç–∞: –ø–µ—Ä–≤—ã–π ‚Äì —á—Ç–æ–±—ã –ø–æ–¥–µ–ª–∏—Ç—å—Å—è —Å –∫–æ–ª–ª–µ–≥–∞–º–∏ –∏–¥–µ—è–º–∏ (–ø—Ä–∏–º–µ—Ä—ã –¥–∏–∑–∞–π–Ω–∞, —Ñ–æ—Ç–æ —Å –≤—ã—Å—Ç–∞–≤–æ–∫ –∏ —Ç.–¥.). –ò –≤—Ç–æ—Ä–æ–π ‚Äì —á—Ç–æ–±—ã –ø–æ–¥–µ–ª–∏—Ç—å—Å—è —Å –∫–æ–ª–ª–µ–≥–∞–º–∏ —ç–º–æ—Ü–∏—è–º–∏ (—Ñ–æ—Ç–æ–≥—Ä–∞—Ñ–∏–∏ —Å –ø–æ–µ–∑–¥–∫–∏ –∏ –Ω–µ—Ñ–æ—Ä–º–∞–ª—å–Ω—ã—Ö –º–µ—Ä–æ–ø—Ä–∏—è—Ç–∏–π). –û—Ç—á–µ—Ç—ã —Å –ø–æ–µ–∑–¥–æ–∫ –º–æ–∂–Ω–æ –ø–æ—Å–º–æ—Ç—Ä–µ—Ç—å –≤ –≥—Ä—É–ø–ø–µ ¬´–í–Ω–µ—à–Ω–∏–µ –∫–æ–º–º—É–Ω–∏–∫–∞—Ü–∏–∏¬ª.*

*https://fb.me/g/Vv02yqt7/y1DjcuLk*",1. –ü–ï–†–í–û–ï –ó–ù–ê–ö–û–ú–°–¢–í–û
–ü–°–ö,5,,"–í–æ—Ç –∏ –ª–µ—Ç–æ –ø—Ä–æ—à–ª–æ...–ü–æ–¥–≤–æ–¥–∏–º –∏—Ç–æ–≥–∏ –∞–≤–≥—É—Å—Ç–∞...‚åõÔ∏èüèÜ
–ü–æ –º–æ–µ–º—É –º–Ω–µ–Ω–∏—é —è–≤–Ω–æ ""–ø–æ–≤–∑—Ä–æ—Å–ª–µ–ª–∏"" –ú–æ–ª–æ–¥–∏–¥ –û. –∏ –ö–æ–∑–∞—Ä–µ–Ω–∫–æ –ê., —á–µ–º—É —è –Ω–µ –º–æ–≥—É –Ω–µ –ø–æ—Ä–∞–¥–æ–≤–∞—Ç—å—Å—è, –ø–æ—ç—Ç–æ–º—É –ø–æ –∏—Ç–æ–≥–∞–º –º–µ—Å—è—Ü–∞ —Ä–µ—à–µ–Ω–æ –≤—ã–¥–∞—Ç—å –í–∞–º MakBook-–∏. ü•≥
–õ—è—à–µ–Ω–∫–æ –î., —Ç–æ–∂–µ —Å–µ—Ä—å–µ–∑–Ω–æ ""–ø–æ–¥—Ç—è–Ω—É–ª—Å—è"" –≤ —ç—Ñ—Ñ–µ–∫—Ç–∏–≤–Ω–æ—Å—Ç–∏, –±—ã–ª–∏ –Ω–µ–ø–ª–æ—Ö–∏–µ ""–Ω–µ—Ä–≤—ã —Å–æ–±—ã—Ç–∏–π"", –Ω–æ –¥–ª—è —Ç–æ–≥–æ, —á—Ç–æ–±—ã —ç—Ç–æ—Ç –ø–∞—Ä–∞–º–µ—Ç—Ä ""–ø–æ–∑–µ–ª–µ–Ω–µ–ª"" –Ω—É–∂–Ω–æ –∏—Ö —É—Å—Ç—Ä–∞–Ω–∏—Ç—å) –ü–æ—ç—Ç–æ–º—É —Å—á–∏—Ç–∞—é, —á—Ç–æ –∑–∞—Å–ª—É–∂–∏–ª –æ–¥–Ω—É —Å—É–±–±–æ—Ç—É –≤ —Å–µ–Ω—Ç—è–±—Ä–µ - –≤—ã—Ö–æ–¥–Ω–æ–π!ü§©",–ü–°–ö
–í–Ω–µ—à–Ω–∏–µ –Ω–∞—É—á–Ω—ã–µ –∫–æ–º–º—É–Ω–∏–∫–∞—Ü–∏–∏,5,,"–ó–¥—Ä–∞–≤—Å—Ç–≤—É–π—Ç–µ, –∫–æ–ª–ª–µ–≥–∏  

–ü—É—Å—Ç—å –∏ —Å –æ–ø–æ–∑–¥–∞–Ω–∏–µ–º, –Ω–æ –ø—É–±–ª–∏–∫—É—é –æ—Ç—á–µ—Ç –æ —Å–≤–æ–µ–π –ø–æ–µ–∑–¥–∫–µ –≤ –ù–æ–≤–æ—Å–∏–±–∏—Ä—Å–∫ –Ω–∞ –∫–æ–Ω—Ñ–µ—Ä–µ–Ω—Ü–∏—é –¢–µ—Ö–Ω–æ–ø—Ä–æ–º-2021.  

–ù–∞ —ç—Ç–æ–π –∫–æ–Ω—Ñ–µ—Ä–µ–Ω—Ü–∏–∏ —É–¥–∞–ª–æ—Å—å –ø–æ—É—á–∞—Å—Ç–≤–æ–≤–∞—Ç—å –≤ –ø–ª–µ–Ω–∞—Ä–Ω–æ–π —Å–µ—Å—Å–∏–∏ ""**–ì–µ–Ω–µ—Ç–∏—á–µ—Å–∫–∏–µ —Ç–µ—Ö–Ω–æ–ª–æ–≥–∏–∏ –¥–ª—è –ø—Ä–æ–º—ã—à–ª–µ–Ω–Ω–æ—Å—Ç–∏, —Ñ–∞—Ä–º–æ–∫–æ–ª–æ–≥–∏–∏ –∏ –º–µ–¥–∏—Ü–∏–Ω—ã"" **–ø–æ–¥ –ø—Ä–µ–¥—Å–µ–¥–∞—Ç–µ–ª—å—Å—Ç–≤–æ–º –ê–∫–∞–¥–µ–º–∏–∫–∞ –†–ê–ù, –î–∏—Ä–µ–∫—Ç–æ—Ä–∞ –ò–Ω—Å—Ç–∏—Ç—É—Ç–∞ —Ü–∏—Ç–æ–ª–æ–≥–∏–∏ –∏ –≥–µ–Ω–µ—Ç–∏–∫–∏ –°–û –†–ê–ù –ö–æ—á–µ—Ç–æ–≤–∞ –í.–ê. 

–í —Ä–∞–º–∫–∞—Ö –¥–∞–Ω–Ω–æ–π —Å–µ—Å—Å–∏–∏ —è –≤—ã—Å—Ç—É–ø–∏–ª —Å –¥–≤—É–º—è –¥–æ–∫–ª–∞–¥–∞–º–∏:   

1) **–ê–¥–∞–ø—Ç–∞—Ü–∏—è –∫–æ–º–ø–∞–Ω–∏–∏ –∫ –Ω–æ–≤—ã–º —Ç—Ä–µ–Ω–¥–∞–º —Ä–∞–∑–≤–∏—Ç–∏—è –Ω–∞ –ø—Ä–∏–º–µ—Ä–µ –≠–§–ö–û  **

2) **–ü—Ä–æ–±–ª–µ–º–∞ –ø–æ–¥–≥–æ—Ç–æ–≤–∫–∏ –∫–∞–¥—Ä–æ–≤ –≤ –æ–±–ª–∞—Å—Ç–∏ –≥–µ–Ω–µ—Ç–∏–∫–∏ –∏ –≥–µ–Ω–µ—Ç–∏—á–µ—Å–∫–∏—Ö —Ç–µ—Ö–Ω–æ–ª–æ–≥–∏–π  **

–†–µ–∑—É–ª—å—Ç–∞—Ç–æ–º –≤—ã—Å—Ç—É–ø–ª–µ–Ω–∏–π —Å—Ç–∞–ª–æ —Ñ–æ—Ä–º–∏—Ä–æ–≤–∞–Ω–∏–µ –º–Ω–æ–≥–∏—Ö –Ω–æ–≤—ã—Ö –∑–Ω–∞–∫–æ–º—Å—Ç–≤, –≤ —Ç–æ–º —á–∏—Å–ª–µ - —Å –ê–∫–∞–¥–µ–º–∏–∫–æ–º –†–ê–ù, –î–∏—Ä–µ–∫—Ç–æ—Ä–æ–º –í—Å–µ—Ä–æ—Å—Å–∏–π—Å–∫–æ–≥–æ –∏–Ω—Å—Ç–∏—Ç—É—Ç–∞ —Ä–∞—Å—Ç–µ–Ω–∏–µ–≤–æ–¥—Å—Ç–≤–∞ –•–ª–µ—Å—Ç–∫–∏–Ω–æ–π –ï.–ö. –í —Ä–∞–º–∫–∞—Ö —ç—Ç–æ–≥–æ –∑–Ω–∞–∫–æ–º—Å—Ç–≤–∞ –ø–ª–∞–Ω–∏—Ä—É–µ—Ç—Å—è –ø–æ–µ–∑–¥–∫–∞ –¥–µ–ª–µ–≥–∞—Ü–∏–∏ –∏–∑ –ò–Ω–Ω–æ–≤–∞—Ü–∏–æ–Ω–Ω–æ–≥–æ —Ü–µ–Ω—Ç—Ä–∞ –≤ –°–∞–Ω–∫—Ç-–ü–µ—Ç–µ—Ä–±—É—Ä–≥ –¥–ª—è –ø–æ—Å—Ç—Ä–æ–µ–Ω–∏—è –¥–∞–ª—å–Ω–µ–π—à–µ–≥–æ –ø–∞—Ä—Ç–Ω–µ—Ä—Å—Ç–≤–∞.",–í–Ω–µ—à–Ω–∏–µ –Ω–∞—É—á–Ω—ã–µ –∫–æ–º–º—É–Ω–∏–∫–∞—Ü–∏–∏
1. –†–ï–ö–†–£–¢–ò–ù–ì,4,,"–ó–¥—Ä–∞–≤—Å—Ç–≤—É–π—Ç–µ! üëã

–í—ã –ø–æ–ø–∞–ª–∏ –≤ —Å–æ—Ü–∏–∞–ª—å–Ω—É—é —Å–µ—Ç—å —Å–ª—É–∂–±—ã –¥–∏—Ä–µ–∫—Ç–æ—Ä–∞ –ø–æ –Ω–∞—É—á–Ω–æ- –∏ —É—á–µ–±–Ω–æ-–º–µ—Ç–æ–¥–∏—á–µ—Å–∫–æ–π –¥–µ—è—Ç–µ–ª—å–Ω–æ—Å—Ç–∏ –∫–æ–º–ø–∞–Ω–∏–∏ –≠–§–ö–û üñ•üñ±. –ß—Ç–æ–±—ã —Å—Ç–∞—Ç—å –í–∞–º –±–æ–ª–µ–µ –ø–æ–Ω—è—Ç–Ω—ã–º–∏ –∏ –ø—Ä–æ–≥–Ω–æ–∑–∏—Ä—É–µ–º—ã–º–∏, –º—ã –ø—Ä–µ–¥–ª–∞–≥–∞–µ–º –í–∞–º –Ω–µ–Ω–∞–¥–æ–ª–≥–æ ¬´–Ω—ã—Ä–Ω—É—Ç—å¬ª üåä –≤ –∂–∏–∑–Ω—å –Ω–∞—à–µ–π —Å–ª—É–∂–±—ã üë´.

–°–ø–µ—Ü–∏–∞–ª—å–Ω–æ –¥–ª—è –í–∞—Å, –º—ã —Å–¥–µ–ª–∞–ª–∏ –Ω–µ—Å–∫–æ–ª—å–∫–æ –ø–æ—Å—Ç–æ–≤ üìù, –æ–ø–∏—Å—ã–≤–∞—é—â–∏—Ö –Ω–µ–∫–æ—Ç–æ—Ä—ã–µ —ç–ª–µ–º–µ–Ω—Ç—ã –∂–∏–∑–Ω–∏ –∏ —Ä–∞–±–æ—Ç—ã —Å–æ—Ç—Ä—É–¥–Ω–∏–∫–æ–≤, –∞ —Ç–∞–∫–∂–µ –ø—Ä–∏–ª–æ–∂–∏–ª–∏ —Å—Å—ã–ª–∫–∏ üîó –Ω–∞ —Ä–∞–∑–¥–µ–ª—ã, –≥–¥–µ –º–æ–∂–Ω–æ –ø–æ—Å–º–æ—Ç—Ä–µ—Ç—å –ø—Ä–æ–≥—Ä–∞–º–º—ã –≥–∞—Ä–∞–Ω—Ç–∏—Ä–æ–≤–∞–Ω–Ω–æ–≥–æ –∫–∞—Ä—å–µ—Ä–Ω–æ–≥–æ —Ä–æ—Å—Ç–∞ üìà, –Ω–µ–∫–æ—Ç–æ—Ä—ã–µ —Ä–µ–∑—É–ª—å—Ç–∞—Ç—ã —Ä–∞–±–æ—Ç üìë, —Ñ–æ—Ç–æ–≥—Ä–∞—Ñ–∏–∏ –∏–∑ –∫–æ–º–∞–Ω–¥–∏—Ä–æ–≤–æ–∫ üì∏üèô, –ø–ª–∞–Ω—ã —Ä–∞–±–æ—Ç –Ω–∞ –ø—Ä–µ–¥—Å—Ç–æ—è—â–∏–π –ø–µ—Ä–∏–æ–¥ üîú–∏ —Ç.–ø. –£–≤–∏–¥–µ–≤ –≤—Å–µ —ç—Ç–æ, –í—ã —Å–º–æ–∂–µ—Ç–µ —Å–ª–æ–∂–∏—Ç—å —Å–≤–æ–µ –ø—Ä–µ–¥—Å—Ç–∞–≤–ª–µ–Ω–∏–µ –æ –Ω–∞—à–µ–π —Ä–∞–±–æ—Ç–µü§ì.

–¶–µ–ª—å üéØ—Ä—É–∫–æ–≤–æ–¥—Å—Ç–≤–∞  —Å–ª—É–∂–±—ã –¥–∏—Ä–µ–∫—Ç–æ—Ä–∞ –ø–æ –Ω–∞—É—á–Ω–æ- –∏ —É—á–µ–±–Ω–æ-–º–µ—Ç–æ–¥–∏—á–µ—Å–∫–æ–π –¥–µ—è—Ç–µ–ª—å–Ω–æ—Å—Ç–∏ –≤  –æ—Ç–Ω–æ—à–µ–Ω–∏–∏ –ø–µ—Ä—Å–æ–Ω–∞–ª–∞ ‚Äì  —ç—Ç–æ –º–∞–∫—Å–∏–º–∞–ª—å–Ω–æ–µ —Ä–∞—Å–∫—Ä—ã—Ç–∏–µ –ø–æ—Ç–µ–Ω—Ü–∏–∞–ª–∞ –∫–∞–∂–¥–æ–≥–æ  —Å–æ—Ç—Ä—É–¥–Ω–∏–∫–∞ ü§© –≤ —Ä–µ–∑—É–ª—å—Ç–∞—Ç–µ –¥–µ—è—Ç–µ–ª—å–Ω–æ—Å—Ç–∏, –Ω–∞–ø—Ä–∞–≤–ª–µ–Ω–Ω–æ–π –Ω–∞ –æ–±–µ—Å–ø–µ—á–µ–Ω–∏–µ –ª–∏–¥–µ—Ä—Å—Ç–≤–∞ –ö–æ–º–ø–∞–Ω–∏–∏üèÜ.",1. –†–ï–ö–†–£–¢–ò–ù–ì
2. –ü–ï–†–í–´–ô –ü–†–û–ï–ö–¢,4,,"–í—Å–µ–º –ø—Ä–∏–≤–µ—Ç! –£–∂–µ –º–µ—Å—è—Ü –ø—Ä–æ—à—ë–ª, –∫–∞–∫ —è –ø—Ä–∏—Å–æ–µ–¥–∏–Ω–∏–ª–∞—Å—å –∫ –∫–æ–º–ø–∞–Ω–∏–∏. –ö–∞–∂–¥—ã–π –¥–µ–Ω—å –∑–¥–µ—Å—å –Ω–∞–ø–æ–ª–Ω–µ–Ω –Ω–µ–≤–µ—Ä–æ—è—Ç–Ω—ã–º –∫–æ–ª–∏—á–µ—Å—Ç–≤–æ–º —ç–º–æ—Ü–∏–π) –Ø —É–∂–µ —É—Å–ø–µ–ª–∞ —Å—ä–µ–∑–¥–∏—Ç—å –Ω–∞ –¥–≤–∞ –∏—Å—Å–ª–µ–¥–æ–≤–∞–Ω–∏—è, –æ–¥–Ω–æ –∏–∑ –∫–æ—Ç–æ—Ä—ã—Ö –±—ã–ª–æ –≤—á–µ—Ä–∞. –ú—ã –≤–º–µ—Å—Ç–µ —Å –ê–Ω–≥–µ–ª–∏–Ω–æ–π —É—á–∞—Å—Ç–≤–æ–≤–∞–ª–∏ –≤ –∏—Å—Å–ª–µ–¥–æ–≤–∞–Ω–∏–∏ ¬´—É –ø–æ–ª–∫–∏¬ª. –ú—ã –æ–ø—Ä–∞—à–∏–≤–∞–ª–∏ –ª—é–¥–µ–π, —Å–º–æ—Ç—Ä–µ–ª–∏, –∫–∞–∫ —Ä–∞—Å—Ç–∏—Ç–µ–ª—å–Ω—ã–µ –π–æ–≥—É—Ä—Ç—ã Hi —Å–º–æ—Ç—Ä—è—Ç—Å—è —Ä—è–¥–æ–º —Å –¥—Ä—É–≥–∏–º–∏ –ø—Ä–æ–¥—É–∫—Ç–∞–º–∏ –∏ —á—Ç–æ –ø–æ—Ä—Ç–∏—Ç –≤–∏–∑—É–∞–ª—å–Ω–æ –Ω–∞—à—É –ø–æ–ª–∫—É, –∞ —Ç–∞–∫–∂–µ –Ω–∞–±–ª—é–¥–∞–ª–∏ –∑–∞ —Ä–µ–∞–∫—Ü–∏–µ–π –ª—é–¥–µ–π –Ω–∞ –Ω–æ–≤—ã–π –ø—Ä–æ–¥—É–∫—Ç) –ù–∞–º –æ—á–µ–Ω—å –ø–æ–Ω—Ä–∞–≤–∏–ª–æ—Å—å. –ü—Ä–∏–≤–µ–∑–ª–∏ —Å —Å–æ–±–æ–π –æ—á–µ–Ω—å –º–Ω–æ–≥–æ —ç–º–æ—Ü–∏–π, –∞ —Ç–∞–∫–∂–µ –∏–¥–µ–π) –£—Å–ø–µ–ª–∏ —Å–¥–µ–ª–∞—Ç—å –∫—É—á—É —Ñ–æ—Ç–æ–≥—Ä–∞—Ñ–∏–π –∏ —Å–Ω—è—Ç—å –Ω–µ—Å–∫–æ–ª—å–∫–æ –≤–∏–¥–µ–æ—Ä–æ–ª–∏–∫–æ–≤)",2. –ü–ï–†–í–´–ô –ü–†–û–ï–ö–¢
–ö–æ–Ω—Ü–µ–ø—Ü–∏–∏ –∏ —Ü–µ–ª–∏ –¥–µ—è—Ç–µ–ª—å–Ω–æ—Å—Ç–∏,3,,"–î–æ–±—Ä—ã–π –¥–µ–Ω—å. –í —Ö–æ–¥–µ –∞–Ω–∞–ª–∏—Ç–∏—á–µ—Å–∫–æ–π –¥–µ—è—Ç–µ–ª—å–Ω–æ—Å—Ç–∏ —á–∞—Å—Ç–æ –ø—Ä–∏—Ö–æ–¥–∏—Ç—Å—è –∏—Å–∫–∞—Ç—å –∏–Ω—Ç–µ—Ä–µ—Å–Ω—ã–µ –ø—Ä–æ–µ–∫—Ç—ã, –∏–¥–µ–∏ –∏ —Ç–µ—Ö–Ω–æ–ª–æ–≥–∏–∏. –ù–∞ —ç—Ç–æ–π –Ω–µ–¥–µ–ª–µ –±—ã–ª –Ω–∞–π–¥–µ–Ω –∏–Ω—Ç–µ—Ä–µ—Å–Ω—ã–π –æ—Ç—á–µ—Ç  –∫—Ä—É–ø–Ω–æ–≥–æ –∞–Ω–∞–ª–∏—Ç–∏—á–µ—Å–∫–æ–≥–æ –∞–≥–µ–Ω—Ç—Å—Ç–≤–∞ RethinkX, –∫–æ—Ç–æ—Ä–æ–µ –ø—Ä–æ–≥–Ω–æ–∑–∏—Ä—É–µ—Ç —Å–µ—Ä—å–µ–∑–Ω—ã–µ –∏–∑–º–µ–Ω–µ–Ω–∏—è –≤ –±—É–¥—É—â–µ–º –≤ —ç–Ω–µ—Ä–≥–µ—Ç–∏—á–µ—Å–∫–æ–π —Å—Ñ–µ—Ä–µ, —Ç—Ä–∞–Ω—Å–ø–æ—Ä—Ç–µ, –ø–∏—â–µ–≤–æ–π –ø—Ä–æ–º—ã—à–ª–µ–Ω–Ω–æ—Å—Ç–∏. –•–æ—Ç–µ–ª –±—ã –ø–æ–¥–µ–ª–∏—Ç—å—Å—è —Å –≤–∞–º–∏. –û—Ç–¥–µ–ª—å–Ω–æ —Ö–æ—Ç–µ–ª –±—ã —Å–∫–∞–∑–∞—Ç—å –±–æ–ª—å—à–æ–µ —Å–ø–∞—Å–∏–±–æ –≤—Å–µ–º, –∫—Ç–æ —É—á–∞—Å—Ç–≤–æ–≤–∞–ª –≤ –ø–µ—Ä–µ–≤–æ–¥–µ —ç—Ç–æ–π —Ä–∞–±–æ—Ç—ã.",–ö–æ–Ω—Ü–µ–ø—Ü–∏–∏ –∏ —Ü–µ–ª–∏ –¥–µ—è—Ç–µ–ª—å–Ω–æ—Å—Ç–∏
8. –í–ù–ï–®–ù–ò–ï –ö–û–ú–ú–£–ù–ò–ö–ê–¶–ò–ò,3,,"–ö–∞–∫ –Ω–∞–ø–∏—Å–∞–ª–∏ –≤ –ø–∞–±–ª–∏–∫–µ –û–º–ì–¢–£ –≤ –í–ö, 25 —Ñ–µ–≤—Ä–∞–ª—è –≤ —É–Ω–∏–≤–µ—Ä—Å–∏—Ç–µ—Ç–µ –ø—Ä–æ—à–ª–∞ –≤—Å—Ç—Ä–µ—á–∞ —Å—Ç—É–¥–µ–Ω—Ç–æ–≤ –û–º–ì–¢–£ —Å –∑–∞–º–µ—Å—Ç–∏—Ç–µ–ª–µ–º –¥–∏—Ä–µ–∫—Ç–æ—Ä–∞  –ø–æ –∫–æ—Ä–ø–æ—Ä–∞—Ç–∏–≤–Ω—ã–º –ø—Ä–æ–≥—Ä–∞–º–º–∞–º –æ–±—É—á–µ–Ω–∏—è –Ω–∞—É—á–Ω–æ-–æ–±—Ä–∞–∑–æ–≤–∞—Ç–µ–ª—å–Ω–æ–≥–æ —Ü–µ–Ω—Ç—Ä–∞  ¬´–ë–∏—Ä—é—á¬ª –°–µ—Ä–≥–µ–µ–º –®–∞—à–∫–æ–≤—ã–º. –û–Ω –ø–æ–∑–Ω–∞–∫–æ–º–∏–ª  —Å—Ç—É–¥–µ–Ω—Ç–æ–≤ —Å –º–µ—Ç–æ–¥–∏–∫–æ–π –æ—Ç–±–æ—Ä–∞ –ø–µ—Ä—Å–æ–Ω–∞–ª–∞ –≤ –∫–æ–º–ø–∞–Ω–∏—é ""–≠–§–ö–û"", —Ä–∞—Å—Å–∫–∞–∑–∞–ª –æ–± –æ—Å–Ω–æ–≤–Ω—ã—Ö  —Ç—Ä–µ–±–æ–≤–∞–Ω–∏—è—Ö –∫ –∫–∞–Ω–¥–∏–¥–∞—Ç–∞–º –∏ –Ω–µ–æ–±—Ö–æ–¥–∏–º—ã—Ö –¥–ª—è —Å–æ—Ç—Ä—É–¥–Ω–∏–∫–æ–≤ –∫–æ–º–ø–µ—Ç–µ–Ω—Ü–∏—è—Ö. 

–í—Å–µ –ø—Ä–∞–≤–∏–ª—å–Ω–æ –Ω–∞–ø–∏—Å–∞–ª–∏. –ò –¥–æ–±–∞–≤–∏—Ç—å –Ω–µ—á–µ–≥–æ)) 

–ú–Ω–µ –∫–∞–∂–µ—Ç—Å—è, –±—ã–ª–∏ —Ö–æ—Ä–æ—à–∏–µ —Ä–µ–±—è—Ç–∞. –° –∫–µ–º-—Ç–æ –∏–∑ –Ω–∏—Ö –æ–±—è–∑–∞—Ç–µ–ª—å–Ω–æ –≤—Å—Ç—Ä–µ—Ç–∏–º—Å—è –µ—â–µ)",8. –í–ù–ï–®–ù–ò–ï –ö–û–ú–ú–£–ù–ò–ö–ê–¶–ò–ò
–ü–µ—Ä–≤–æ–µ –∑–Ω–∞–∫–æ–º—Å—Ç–≤–æ,3,,"–î–æ–±—Ä—ã–π –¥–µ–Ω—å, –ø—Ä–∏ —Ç—Ä—É–¥–æ—É—Å—Ç—Ä–æ–π—Å—Ç–≤–µ –≤ –ò–Ω–Ω–æ–≤–∞—Ü–∏–æ–Ω–Ω—ã–π —Ü–µ–Ω—Ç—Ä —Å–æ—Ç—Ä—É–¥–Ω–∏–∫–∞ –Ω–µ—Ä–µ–¥–∫–æ ""–Ω–∞–∫—Ä—ã–≤–∞–µ—Ç"" üåä–æ–≥—Ä–æ–º–Ω–æ–π –≤–æ–ª–Ω–æ–π —Ä–∞–∑–ª–∏—á–Ω—ã—Ö –¥–æ–∫—É–º–µ–Ω—Ç–æ–≤, –∫–æ—Ç–æ—Ä—ã–µ –µ–º—É –Ω–µ–æ–±—Ö–æ–¥–∏–º–æ –∑–Ω–∞—Ç—å –¥–ª—è –∏—Å–ø–æ–ª–Ω–µ–Ω–∏—è —Å–≤–æ–∏—Ö –¥–æ–ª–∂–Ω–æ—Å—Ç–Ω—ã—Ö –æ–±—è–∑–∞–Ω–Ω–æ—Å—Ç–µ–π. –ü–æ—ç—Ç–æ–º—É –¥–ª—è –∑–∞—â–∏—Ç—ãüõ°–≤–∞—à–µ–π –≥–æ–ª–æ–≤—ã –æ—Ç —Å–∏–ª—å–Ω—ã—Ö –ø–æ—Ç—Ä—è—Å–µ–Ω–∏–π, –ø—Ä–µ–¥–ª–∞–≥–∞–µ–º –æ–∑–Ω–∞–∫–æ–º–∏—Ç—å—Å—è —Å –ö—Ä–∞—Ç–∫–∏–º —Å–æ–¥–µ—Ä–∂–∞–Ω–∏–µ–º –æ—Å–Ω–æ–≤–Ω—ã—Ö –∏ –æ–±—â–µ—Ö–æ–ª–¥–∏–Ω–≥–æ–≤—ã—Ö –Ω–æ—Ä–º–∞—Ç–∏–≤–Ω—ã—Ö —Ä–µ–≥—É–ª—è—Ç–æ—Ä–æ–≤ üìÑ(—Ç.–µ. –¥–æ–∫—É–º–µ–Ω—Ç–æ–≤).
> –í–æ–∑–º–æ–∂–Ω–æ –∫–∞–∫–æ–π-—Ç–æ –¥–æ–∫—É–º–µ–Ω—Ç –±—ã–ª —É–ø—É—â–µ–ΩüòÖ, –ø–æ—ç—Ç–æ–º—É –Ω–µ —Å—Ç–µ—Å–Ω—è–π—Ç–µ—Å—å —Å–∫–∞–∑–∞—Ç—å –æ–± —ç—Ç–æ–º, –∏ —Ç–æ–≥–¥–∞ –º—ã —Å–º–æ–∂–µ–º –±—ã—Å—Ç—Ä–æ‚è≥ –ø–æ–¥–≥–æ—Ç–æ–≤–∏—Ç—å –∫—Ä–∞—Ç–∫–æ–µ —Å–æ–¥–µ—Ä–∂–∞–Ω–∏–µ –Ω–µ–¥–æ—Å—Ç–∞—é—â–µ–≥–æ –¥–æ–∫—É–º–µ–Ω—Ç–∞.",–ü–µ—Ä–≤–æ–µ –∑–Ω–∞–∫–æ–º—Å—Ç–≤–æ
–°–æ–¥—Ä—É–∂–µ—Å—Ç–≤–æ,2,,"–í—Å–µ–º –ø—Ä–∏–≤–µ—Ç.üôå
–ê –≤–æ—Ç –∏ –ø–µ—Ä–≤–∞—è –∏–Ω—Ñ–æ—Ä–º–∞—Ü–∏—è:)üìß

–í —Ä–∞–º–∫–∞—Ö —Ñ–æ—Ä–º–∞–ª—å–Ω–æ–π –∞—Å—Å–∏–º–∏–ª—è—Ü–∏–∏ –Ω–æ–≤—ã—Ö —Å–æ—Ç—Ä—É–¥–Ω–∏–∫–æ–≤, –º—ã –Ω–∞ –µ–∂–µ–Ω–µ–¥–µ–ª—å–Ω–æ–π –æ—Å–Ω–æ–≤–µ –ø—Ä–æ–≤–æ–¥–∏–º —Ä—è–¥ –≤—Å—Ç—Ä–µ—á —Å–≤—è–∑–∞–Ω–Ω—ã—Ö —Å –ø–æ–ø—É–ª—è—Ä–∏–∑–∞—Ü–∏–µ–π –æ–±—â–µ—Ö–æ–ª–¥–∏–Ω–≥–æ–≤—ã—Ö –¥–æ–∫—É–º–µ–Ω—Ç–æ–≤ üìÑ–ì—Ä—É–ø–ø—ã –ö–æ–º–ø–∞–Ω–∏–π ""–≠–§–ö–û"", –∞ —Ç–∞–∫ –∂–µ –¥–æ–∫—É–º–µ–Ω—Ç–æ–≤ –ø–æ —Å—É—â–µ—Å—Ç–≤—É—é—â–∏–º –∫–æ–Ω—Ç—É—Ä–∞–º –≤ –ò–Ω–Ω–æ–≤–∞—Ü–∏–æ–Ω–Ω–æ–º —Ü–µ–Ω—Ç—Ä–µ.üè¢

–ü—Ä–µ–¥–ª–∞–≥–∞–µ–º –∏ –í–∞–º –æ–∑–Ω–∞–∫–æ–º–∏—Ç—å—Å—è —Å –≥—Ä–∞—Ñ–∏–∫–æ–º üìà–Ω–∞ –ø—Ä–µ–¥—Å—Ç–æ—è—â—É—é –Ω–µ–¥–µ–ª—é –∏ –ø—Ä–∏–≥–ª–∞—à–∞–µ–º —Å–æ—Ç—Ä—É–¥–Ω–∏–∫–æ–≤ –≤–∞—à–∏—Ö —Å—Ç—Ä—É–∫—Ç—É—Ä–Ω—ã—Ö –ø–æ–¥—Ä–∞–∑–¥–µ–ª–µ–Ω–∏–π, –∫–æ—Ç–æ—Ä—ã–µ –Ω–∞—Ö–æ–¥—è—Ç—Å—è –Ω–∞ —ç—Ç–∞–ø–∞—Ö –≤—Å—Ç—Ä–∞–∏–≤–∞–Ω–∏—è,  –ø—Ä–∏–Ω—è—Ç—å —É—á–∞—Å—Ç–∏–µ –≤ –Ω–∞—à–∏—Ö –≤—Å—Ç—Ä–µ—á–∞—Ö. –ù–∞–¥–µ—é—Å—å –º—ã –±—É–¥–µ–º –ø–æ–ª–µ–∑–Ω—ã –∏ –í–∞–º üòâ

 P.S. –¢–∞–∫–∂–µ –ø—Ä–∏–Ω–∏–º–∞–µ–º –∑–∞—è–≤–∫–∏ –Ω–∞ –ø—Ä–æ–≤–µ–¥–µ–Ω–∏–µ –æ–∑–Ω–∞–∫–æ–º–∏—Ç–µ–ª—å–Ω—ã—Ö –ª–µ–∫—Ü–∏–π –ø–æ –Ω–æ—Ä–º–∞—Ç–∏–≤–Ω—ã–º –¥–æ–∫—É–º–µ–Ω—Ç–∞–º, —Å –∫–æ—Ç–æ—Ä—ã–º–∏ –Ω–µ–æ–±—Ö–æ–¥–∏–º–æ –æ–∑–Ω–∞–∫–æ–º–∏—Ç—å—Å—è –Ω–æ–≤—ã–º —Å–æ—Ç—Ä—É–¥–Ω–∏–∫–∞–º.

–î–æ –≤—Å—Ç—Ä–µ—á–∏! –ò —Ö–æ—Ä–æ—à–∏—Ö –≤—ã—Ö–æ–¥–Ω—ã—Ö!üçÄ",–°–æ–¥—Ä—É–∂–µ—Å—Ç–≤–æ
"""–®–∞–±–∞—à–∫–∏""",2,,"‚ÄºÔ∏è–ü–µ—Ä–µ—Ä–∞–±–æ—Ç–∫–∞ –ø–æ–¥—Å–æ–ª–Ω–µ—á–Ω–∏–∫–∞ —è–≤–ª—è–µ—Ç—Å—è –¥–æ—Å—Ç–∞—Ç–æ—á–Ω–æ –Ω–∏–∑–∫–æ–¥–æ—Ö–æ–¥–Ω—ã–º –±–∏–∑–Ω–µ—Å–æ–º –ø–æ –ø—Ä–∏—á–∏–Ω–µ –æ—Ç—Å—É—Ç—Å—Ç–≤–∏—è —Ç–µ—Ö–Ω–æ–ª–æ–≥–∏—á–Ω–æ—Å—Ç–∏ –ø—Ä–æ–∏–∑–≤–æ–¥–∏–º—ã—Ö –ø—Ä–æ–¥—É–∫—Ç–æ–≤ ‚Äì –º–∞—Å–ª–∞ –∏ —à—Ä–æ—Ç–∞.

–í —á–∞—Å—Ç–∏ —Å–æ–∑–¥–∞–Ω–∏—è –Ω–∞–¥–±–∞–≤–ª–µ–Ω–Ω–æ–π —Å—Ç–æ–∏–º–æ—Å—Ç–∏ –ø–æ–¥—Å–æ–ª–Ω–µ—á–Ω–æ–≥–æ –º–∞—Å–ª–∞ –ö–æ–º–ø–∞–Ω–∏–µ–π —É–∂–µ –ø—Ä–æ–¥–µ–ª–∞–Ω–∞ –æ–≥—Ä–æ–º–Ω–∞—è —Ä–∞–±–æ—Ç–∞. –ö–æ–º–ø–∞–Ω–∏—è –ø—Ä–æ–∏–∑–≤–æ–¥–∏—Ç –±—Ä–µ–Ω–¥–æ–≤—É—é –ø—Ä–æ–¥—É–∫—Ü–∏—é (—Ñ–∞—Å–æ–≤–∞–Ω–Ω–æ–µ –º–∞—Å–ª–æ –∏ –º–∞–π–æ–Ω–µ–∑) –∏ –æ—Å—É—â–µ—Å—Ç–≤–ª—è–µ—Ç –ø—Ä–æ–¥–∞–∂—É —Å–ø–µ—Ü–∏–∞–ª–∏–∑–∏—Ä–æ–≤–∞–Ω–Ω—ã—Ö –∂–∏—Ä–æ–≤.

–ß—Ç–æ –∫–∞—Å–∞–µ—Ç—Å—è —à—Ä–æ—Ç–∞, —Ç–æ –ö–æ–º–ø–∞–Ω–∏–µ–π –¥–æ —Å–∏—Ö –ø–æ—Ä –Ω–µ –±—ã–ª–æ –ø–æ–ª–Ω–æ—Ü–µ–Ω–Ω–æ —Ä–µ–∞–ª–∏–∑–æ–≤–∞–Ω–æ –Ω–∏ –æ–¥–Ω–æ–≥–æ –ø—Ä–æ–µ–∫—Ç–∞ –ø–æ –µ–≥–æ –±–æ–ª–µ–µ –≥–ª—É–±–æ–∫–æ–π –ø–µ—Ä–µ—Ä–∞–±–æ—Ç–∫–µ. 

‚ùì–í —Å–≤—è–∑–∏ —Å —ç—Ç–∏–º –≤–æ–∑–Ω–∏–∫–∞–µ—Ç –≤–æ–ø—Ä–æ—Å, **–∞ –≤–æ–∑–º–æ–∂–Ω–∞ –ª–∏ —Ä–µ–∞–ª–∏–∑–∞—Ü–∏—è –∫–∞–∫–∏—Ö-—Ç–æ –∏–Ω–Ω–æ–≤–∞—Ü–∏–æ–Ω–Ω—ã—Ö –ø—Ä–æ–µ–∫—Ç–æ–≤, —Å–ø–æ—Å–æ–±–Ω—ã—Ö —Å—Ñ–æ—Ä–º–∏—Ä–æ–≤–∞—Ç—å –¥–æ–±–∞–≤–ª–µ–Ω–Ω—É—é —Å—Ç–æ–∏–º–æ—Å—Ç—å –ø–æ–¥—Å–æ–ª–Ω–µ—á–Ω–æ–≥–æ —à—Ä–æ—Ç–∞**? 

‚ùì–ò –∫–∞–∫–∏–µ –ø–µ—Ä—Å–ø–µ–∫—Ç–∏–≤—ã —Ä–∞–∑–≤–∏—Ç–∏—è —Ä—ã–Ω–∫–∞ –ø–æ–¥—Å–æ–ª–Ω–µ—á–Ω–æ–≥–æ —à—Ä–æ—Ç–∞ –∏ –≤—ã—Å–æ–∫–æ–±–µ–ª–∫–æ–≤–æ–π –ø—Ä–æ–¥—É–∫—Ü–∏–∏ –∏–∑ –Ω–µ–≥–æ –≤ –±—É–¥—É—â–µ–º?

–ü–æ–∏—Å–∫—É –æ—Ç–≤–µ—Ç–æ–≤ –Ω–∞ –¥–∞–Ω–Ω—ã–µ –≤–æ–ø—Ä–æ—Å—ã –ø–æ—Å–≤—è—â–µ–Ω–∞ —ç—Ç–∞ –ø—Ä–µ–∑–µ–Ω—Ç–∞—Ü–∏—è. 

‚ùì–ö–∞–∫ –í—ã —Å—á–∏—Ç–∞–µ—Ç–µ –µ—Å—Ç—å –ª–∏ –ø–µ—Ä—Å–ø–µ–∫—Ç–∏–≤—ã —É —Ç–∞–∫–æ–≥–æ –Ω–∞–ø—Ä–∞–≤–ª–µ–Ω–∏—è –∫–∞–∫ —Ö–æ–ª–æ–¥–Ω–æ–µ —Ñ–æ—Ä–ø—Ä–µ—Å—Å–æ–≤–∞–Ω–∏–µ? 

‚ùì–ü–æ–º–æ–∂–µ—Ç –ª–∏ —Ç–≤–µ—Ä–¥–æ—Ñ–∞–∑–Ω–∞—è —Ñ–µ—Ä–º–µ–Ω—Ç–∞—Ü–∏—è —Å—Ñ–æ—Ä–º–∏—Ä–æ–≤–∞—Ç—å –¥–æ–±–∞–≤–ª–µ–Ω–Ω—É—é —Å—Ç–æ–∏–º–æ—Å—Ç–∏ –Ω–∞ –ø–æ–¥—Å–æ–ª–Ω–µ—á–Ω—ã–π —à—Ä–æ—Ç? 

–ü—Ä–∏–≥–ª–∞—à–∞–µ–º –≤—Å–µ—Ö –∫–æ–º—É —ç—Ç–æ –∏–Ω—Ç–µ—Ä–µ—Å–Ω–æ  –∫ –æ–±—Å—É–∂–¥–µ–Ω–∏—é —ç—Ç–æ–π —Ç–µ–º—ã.","""–®–∞–±–∞—à–∫–∏"""
13. –ò–ù–¢–ï–†–ï–°–ù–´–ï –ú–ê–¢–ï–†–ò–ê–õ–´,2,,"–ï—Å–ª–∏ –∫—Ç–æ-—Ç–æ –µ—â–µ –Ω–µ –∏–∑—É—á–∏–ª –ª–µ–∫—Ü–∏–∏ –û–∫—à—Ç–µ–π–Ω–∞, —Ç–æ –ø–µ—Ä–µ–¥ —Ç–µ–º –∫–∞–∫ –ø—Ä–∏—Å—Ç—É–ø–∏—Ç—å –∫ —ç—Ç–æ–º—É –ø—Ä–µ–¥–ª–∞–≥–∞—é –ø–æ—Å–º–æ—Ç—Ä–µ—Ç—å –¥–æ–∫—É–º–µ–Ω—Ç–∞–ª—å–Ω—ã–π —Ñ–∏–ª—å–º ""–í–Ω—É—Ç—Ä–µ–Ω–Ω—è—è –í—Å–µ–ª–µ–Ω–Ω–∞—è: –¢–∞–π–Ω–∞ –∂–∏–∑–Ω–∏ –∫–ª–µ—Ç–∫–∏"". –§–∏–ª—å–º —Ö–æ—Ç—å –∏ –Ω–µ –Ω–æ–≤—ã–π (2012 –≥–æ–¥), –Ω–æ —Ç–∞ –≤–∏–∑—É–∞–ª–∏–∑–∞—Ü–∏—è –≤–Ω—É—Ç—Ä–∏–∫–ª–µ—Ç–æ—á–Ω—ã—Ö –ø—Ä–æ—Ü–µ—Å—Å–æ–≤, –∫–æ—Ç–æ—Ä–∞—è —Ç–∞–º –ø—Ä–∏—Å—É—Ç—Å—Ç–≤—É–µ—Ç –∑–∞—Å–ª—É–∂–∏–≤–∞–µ—Ç –æ—Ç–¥–µ–ª—å–Ω–æ–π –±–ª–∞–≥–æ–¥–∞—Ä–Ω–æ—Å—Ç–∏ –æ—Ç —é–Ω—ã—Ö (–∏ –Ω–µ –æ—á–µ–Ω—å) –ø–æ–∫–ª–æ–Ω–Ω–∏–∫–æ–≤ –∏ –ø–æ—Å–ª–µ–¥–æ–≤–∞—Ç–µ–ª–µ–π –ò.–õ. –û–∫—à—Ç–µ–π–Ω–∞)

https://yandex.ru/efir?stream_id=v9IiI3rXu6gA&from_block=player_share_button_yavideo",13. –ò–ù–¢–ï–†–ï–°–ù–´–ï –ú–ê–¢–ï–†–ò–ê–õ–´
12. –û–¶–ï–ù–ö–ê –ö–ê–ß–ï–°–¢–í–ê –ü–†–ï–ü–û–î–ê–í–ê–ù–ò–Ø,2,,"–î–æ–±—Ä–æ–≥–æ –≤—Ä–µ–º–µ–Ω–∏ —Å—É—Ç–æ–∫, —É–≤–∞–∂–∞–µ–º—ã–µ –∫–æ–ª–ª–µ–≥–∏!‚åöÔ∏è 
–ö–∞–∫ —è —É–∂–µ —É–ø–æ–º–∏–Ω–∞–ª–∞ –≤ —Å–≤–æ–µ–º –ø–æ—Å—Ç–µ –ø—Ä–æ –∂–∏–∑–Ω—å, –º—ã –∑–∞–≤–µ—Ä—à–∏–ª–∏ —É –ø–µ—Ä–≤–æ–π –≥—Ä—É–ø–ø—ã –æ–±—É—á–µ–Ω–∏—è (–ü–µ—Ä—Å–ø–µ–∫—Ç–∏–≤–Ω—ã–µ –º–µ–Ω–µ–¥–∂–µ—Ä—ã, —Ä—É–∫–æ–≤–æ–¥–∏—Ç–µ–ª—å –¢—Ä–µ—â–µ–≤—Å–∫–∏–π –î.–Æ.) 3-—é –ø—Ä–æ–≤–µ—Ä–∫—É –æ—Å—Ç–∞—Ç–æ—á–Ω—ã—Ö –∑–Ω–∞–Ω–∏–π (–¥–∞–ª–µ–µ - –ü–û–ó), –∫–æ—Ç–æ—Ä–∞—è —É –Ω–∞—Å –ø—Ä–æ–≤–æ–¥–∏—Ç—Å—è —Å–ø—É—Å—Ç—è 3 –º–µ—Å—è—Ü–∞ –ø–æ—Å–ª–µ –∏—Ç–æ–≥–æ–≤–æ–≥–æ –∫–æ–Ω—Ç—Ä–æ–ª—è. –†–µ–∑—É–ª—å—Ç–∞—Ç—ã –≤—ã –º–æ–∂–µ—Ç–µ –ø–æ—Å–º–æ—Ç—Ä–µ—Ç—å –≤ –ø—Ä–∏–∫—Ä–µ–ø–ª–µ–Ω–Ω–æ–º —Ñ–∞–π–ª–µ. 
–ß—Ç–æ —Ö–æ—Ç–µ–ª–æ—Å—å –±—ã –æ—Ç–º–µ—Ç–∏—Ç—å, 3-—è –ü–û–ó –ø—Ä–æ–≤–æ–¥–∏–ª–∞—Å—å –æ—á–µ–Ω—å —Å–ª–æ–∂–Ω–æ –∏ –¥–∞–ª–µ–∫–æ –Ω–µ –≤—Å–µ –∫—É—Ä—Å–∞–Ω—Ç—ã (—É–∂–µ —Å–æ—Ç—Ä—É–¥–Ω–∏–∫–∏) –µ—ë –ø—Ä–æ—à–ª–∏ (—Ç–æ–ª—å–∫–æ 4 –∏–∑ 8-–º–∏ –∫—É—Ä—Å–∞–Ω—Ç–æ–≤). –ü–û–ó –ø—Ä–æ–≤–æ–¥–∏–ª–∞—Å—å –ø–æ 29 —É—á–µ–±–Ω—ã–º –¥–∏—Å—Ü–∏–ø–ª–∏–Ω–∞–º (–¥–∞–ª–µ–µ - –£–î) —É 4 –∫—É—Ä—Å–∞–Ω—Ç–æ–≤ –∏ –ø–æ 11 –£–î - —É 8 –∫—É—Ä—Å–∞–Ω—Ç–æ–≤, –≤ —Ç–∞–±–ª–∏—Ü–µ –ø—Ä–∏–≤–æ–¥–∏—Ç—Å—è 25 –£–î, –ø–æ –∫–æ—Ç–æ—Ä—ã–º –æ—Å—É—â–µ—Å—Ç–≤–ª—è–ª—Å—è –∏—Ç–æ–≥–æ–≤—ã–π –∫–æ–Ω—Ç—Ä–æ–ª—å. –í—Å–µ 3 –ü–û–ó –ø–æ 25 –£–î –ø—Ä–æ—à–µ–ª —Ç–æ–ª—å–∫–æ 1 –∫—É—Ä—Å–∞–Ω—Ç (—ç—Ç–æ –§–æ—Ñ–∞–Ω–æ–≤ –†.–Æ., –Ω–æ –æ–Ω –Ω–µ –º–æ–≥ –Ω–µ –ø—Ä–æ–π—Ç–∏üßê). –°—Ä–µ–¥–Ω–∏–π % –æ—Å—Ç–∞—Ç–æ—á–Ω—ã—Ö –∑–Ω–∞–Ω–∏–π —É 2-—Ö –∫—É—Ä—Å–∞–Ω—Ç–æ–≤ –ø–æ –≤—Å–µ–º –£–î, —Å–æ—Å—Ç–∞–≤–∏–ª –±–æ–ª–µ–µ 80%. –£ 4-—Ö –∫—É—Ä—Å–∞–Ω—Ç–æ–≤ - —Å—Ä–µ–¥–Ω–∏–π % –æ—Å—Ç–∞—Ç–æ—á–Ω—ã—Ö –∑–Ω–∞–Ω–∏–π —Å–æ—Å—Ç–∞–≤–∏–ª –±–æ–ª–µ–µ 75%, —É 1- –±–æ–ª–µ–µ 60% –∏ —É 1 –∫—É—Ä—Å–∞–Ω—Ç–∞ —Å–º—ã—Å–ª—ã –£–î –æ—Ç–ª–æ–∂–∏–ª–∏—Å—å —Ç–æ–ª—å–∫–æ –Ω–∞ 50% ( –Ω–æ –æ–Ω –∏ —É—á–∏–ª—Å—è –ø–ª–æ—Ö–æ –Ω–∞ –∫—É—Ä—Å–µ). –¢–æ –µ—Å—Ç—å –º–æ–∂–Ω–æ —Å–¥–µ–ª–∞—Ç—å –≤—ã–≤–æ–¥, —á—Ç–æ –∫–ª—é—á–µ–≤—ã–µ —Å–º—ã—Å–ª—ã –£–î, –∫–æ—Ç–æ—Ä—ã–µ –∫—É—Ä—Å–∞–Ω—Ç—ã –∏–∑—É—á–∞–ª–∏ –≤ –ù–û–¶, –æ—Ç–ª–æ–∂–∏–ª–∏—Å—å –≤ –∏—Ö —Å–æ–∑–Ω–∞–Ω–∏–∏, –∏ —ç—Ç–æ –Ω–µ –º–æ–∂–µ—Ç –Ω–µ —Ä–∞–¥–æ–≤–∞—Ç—å. –ù–æ –º–æ–∂–Ω–æ –∏ –¥—Ä—É–≥–æ–π —Å–¥–µ–ª–∞—Ç—å –≤—ã–≤–æ–¥, —á—Ç–æ –ù–û–¶ –ª–∏—à—å –¥–∞–µ—Ç –∫–ª—é—á–µ–≤—ã–µ —Å–º—ã—Å–ª—ã, –∞ –∫—É—Ä—Å–∞–Ω—Ç—ã  –≤ –ø—Ä–æ—Ü–µ—Å—Å–µ —Ä–∞–±–æ—Ç—ã –∏–º–∏ –ø–æ–ª—å–∑—É—é—Ç—Å—è –∏ –∏—Ö –∑–∞–∫—Ä–µ–ø–ª—è—é—Ç. –ü–æ 6 –£–î —Ä–∞–∑–Ω–∏—Ü–∞ –º–µ–∂–¥—É –∏—Ç–æ–≥–æ–≤—ã–º –∫–æ–Ω—Ç—Ä–æ–ª–µ–º –∏ —Å—Ä–µ–¥–Ω–∏–º % –æ—Å—Ç–∞—Ç–æ—á–Ω—ã—Ö –∑–Ω–∞–Ω–∏–π —Å–æ—Å—Ç–∞–≤–∏–ª–æ –±–æ–ª–µ–µ 20%. –ù–∞–∏–±–æ–ª—å—à–µ–µ —Å–Ω–∏–∂–µ–Ω–∏–µ –Ω–∞–±–ª—é–¥–∞–µ—Ç—Å—è –ø–æ –£–î ""–ö–æ—Ä–ø–æ—Ä–∞—Ç–∏–≤–Ω—ã–µ –Ω–æ—Ä–º—ã –ö–æ–º–ø–∞–Ω–∏–∏"" - –Ω–∞ 33%, ""–õ–∏—á–Ω–∞—è –∫–∞—Ä—Ç–æ—á–∫–∞"" - –Ω–∞ 32% –∏ 
""–°—Ç—Ä—É–∫—Ç—É—Ä–∞ –º–µ–Ω—Ç–∞–ª—å–Ω–æ–π –∫–∞—Ä—Ç—ã"" - –Ω–∞ 27%. –ì–æ–≤–æ—Ä–∏—Ç –ª–∏ —ç—Ç–æ, —á—Ç–æ –æ—Ü–µ–Ω–∫–∏ –∏—Ç–æ–≥–æ–≤–æ–≥–æ –∫–æ–Ω—Ç—Ä–æ–ª—è –±—ã–ª–∏ –∑–∞–≤—ã—à–µ–Ω—ã? –ò–ª–∏ —ç—Ç–æ - —Å–ª–æ–∂–Ω—ã–µ –£–î? 
–ù–æ –µ—Å—Ç—å –∏–∑–º–µ–Ω–µ–Ω–∏—è –∏ –≤ –ø—Ä–æ—Ç–∏–≤–æ–ø–æ–ª–æ–∂–Ω—É—é —Å—Ç–æ—Ä–æ–Ω—É, —Ç–æ –µ—Å—Ç—å, –ü–û–ó –ø–æ–∫–∞–∑–∞–ª–æ —É–≤–µ–ª–∏—á–µ–Ω–∏–µ % –∑–Ω–∞–Ω–∏–π –∫—É—Ä—Å–∞–Ω—Ç–æ–≤, –ø–æ —Å—Ä–∞–≤–Ω–µ–Ω–∏—é —Å —Ä–µ–∑—É–ª—å—Ç–∞—Ç–∞–º–∏ –∏—Ç–æ–≥–æ–≤–æ–≥–æ –∫–æ–Ω—Ç—Ä–æ–ª—è. –ü–æ –£–î ""–û—Å–Ω–æ–≤–Ω—ã–µ —Å–º—ã—Å–ª—ã –ö–æ–º–∏—Ç–µ—Ç–æ–≤"" + 18%, ""–ü–∞—Ä–∞–¥–∏–≥–º–∞ ""—Å–≤–µ—Ä—Ö—É"" –∏ ""—Å–±–æ–∫—É"" –ø–æ –æ—Ç–Ω–æ—à–µ–Ω–∏—é –∫ —Å–æ—Ü–∏–∞–ª—å–Ω–æ–º—É –ø—Ä–æ—Å—Ç—Ä–∞–Ω—Å—Ç–≤—É"" + 16%, ""–°–µ—Ç–µ–≤–∞—è –º–æ–¥–µ–ª—å —É–ø—Ä–∞–≤–ª–µ–Ω–∏—è"" + 15%. 
–ò–∑ –¥–∞–Ω–Ω—ã—Ö —Ä–µ–∑—É–ª—å—Ç–∞—Ç–æ–≤, —Ö–æ—á—É –≤—ã—Å–∫–∞–∑–∞—Ç—å –ø—Ä–µ–¥–ª–æ–∂–µ–Ω–∏–µ. 
–î–∞–≤–∞–π—Ç–µ —É–±–µ—Ä–µ–º 3-—é –ü–û–ó –∏ –æ—Å—Ç–∞–≤–∏–º —Ç–æ–ª—å–∫–æ –¥–≤–µ –ü–û–ó - —á–µ—Ä–µ–∑ 7-10 –¥–Ω–µ–π –∏ 1 –º–µ—Å—è—Ü –ø–æ—Å–ª–µ –∏—Ç–æ–≥–æ–≤–æ–≥–æ –∫–æ–Ω—Ç—Ä–æ–ª—è. –ñ–¥—É –≤–∞—à–∏—Ö –∫–æ–º–º–µ–Ω—Ç–∞—Ä–∏–µ–≤)",12. –û–¶–ï–ù–ö–ê –ö–ê–ß–ï–°–¢–í–ê –ü–†–ï–ü–û–î–ê–í–ê–ù–ò–Ø
–¶–ö–ú–ñ,2,,"–î–æ–±—Ä—ã–π –¥–µ–Ω—å, –∫–æ–ª–ª–µ–≥–∏! –í—ã—Å—ã–ª–∞—é —Ä–∞—Å–ø–∏—Å–∞–Ω–∏–µ —Ç—Ä–µ–Ω–∏–Ω–≥–æ–≤ –≤ —Ä–∞–º–∫–∞—Ö –ø—Ä–æ—Ö–æ–∂–¥–µ–Ω–∏—è –ø—Ä–µ–¥–≤–∞—Ä–∏—Ç–µ–ª—å–Ω–æ–π –∞—Ç—Ç–µ—Å—Ç–∞—Ü–∏–∏ –Ω–∞ 30.01.2021.             –ù–∞ –∑–∞–≤—Ç—Ä–∞ —É –í–∞—Å –∑–∞–ø–ª–∞–Ω–∏—Ä–æ–≤–∞–Ω–æ –ø—Ä–æ—Ö–æ–∂–¥–µ–Ω–∏–µ 2-—Ö —Ç—Ä–µ–Ω–∏–Ω–≥–æ–≤, —Å 12:00 —á–∞—Å–æ–≤ –≤ –∫–æ—Ä–ø—É—Å–µ –∏–º. –°.–†–∞–¥–æ–Ω–µ–∂—Å–∫–æ–≥–æ (–ë–µ–ª—ã–π –ó–∞–º–æ–∫), –≤ –ø–µ—Ä–µ–≥–æ–≤–æ—Ä–Ω–æ–π. –î–ª—è –ø—Ä–æ—Ö–æ–∂–¥–µ–Ω–∏—è –Ω–µ–∫–æ—Ç–æ—Ä—ã—Ö —Ç—Ä–µ–Ω–∏–Ω–≥–æ–≤ –í–∞–º –Ω–µ–æ–±—Ö–æ–¥–∏–º–æ —Å–¥–∞—Ç—å –ª–µ–∫—Ü–∏–∏ ""–û—Å–Ω–æ–≤—ã –ø—Å–∏—Ö–æ–ª–æ–≥–∏–∏ (–ü—Å–∏—Å–≤–æ–π—Å—Ç–≤–∞)"", ""–ü—Å–∏—Ö–æ–ª–æ–≥–∏—á–µ—Å–∫–æ–µ —Ç–µ—Å—Ç–∏—Ä–æ–≤–∞–Ω–∏–µ –∫–∞–Ω–¥–∏–¥–∞—Ç–æ–≤"", ""–≠–∫—Å–∫–ª—é–∑–∏–≤–Ω—ã–π —Ä–µ–∫—Ä—É—Ç–∏–Ω–≥"", –ø–æ–∂–∞–ª—É–π—Å—Ç–∞, –∑–∞–ø–ª–∞–Ω–∏—Ä—É–π—Ç–µ —Å–µ–±–µ —ç—Ç–æ. –í—Å–µ –£–ú–ú –¥–ª—è –∏–∑—É—á–µ–Ω–∏—è –º—ã –í–∞–º –ø—Ä–µ–¥–æ—Å—Ç–∞–≤–∏–º. –•–æ—Ä–æ—à–µ–≥–æ –¥–Ω—è! –ñ–¥–µ–º –í–∞—Å –∑–∞–≤—Ç—Ä–∞ –≤ –ë–ó!",–¶–ö–ú–ñ
